Card Name,Quantity,Set Code,Number
Manamorphose,1,SPG,142
Weftwalking,1,EOE,86
Cool but Rude,1,TMT,89
Dour Port-Mage,1,BLB,47
Fabled Passage,1,BLB,252
Darkstar Augur,1,BLB,311
Iridescent Vinelasher,1,BLB,99
Heart of Bogardan,1,WTH,106
"Splinter, Radical Rat",1,TMT,251
Festival of Embers,1,BLB,316
Cathedral of War,1,EOS,6
"Tam, Mindful First-Year",1,ECL,245
Weather Maker,1,TMT,182
Bristlebane Battler,1,ECL,168
"Danitha, Benalia's Hope",1,DMU,287
Anticipate,1,F15,12
Improvised Arsenal,1,TMT,92
Hit the Mother Lode,1,LCI,153
Michelangelo's Technique,1,TMT,122
Invasion of Alara // Awaken the Maelstrom,1,MOM,230
"Xu-Ifit, Osteoharmonist",1,EOE,127
"Fangorn, Tree Shepherd",1,LTR,166
Quandrix Command,1,STX,217
"Anafenza, Kin-Tree Spirit",1,DTK,2
Dimensional Infiltrator,1,OGW,44
Entropic Battlecruiser,1,EOE,99
"Finneas, Ace Archer",1,BLB,212
Simic Sky Swallower,1,IMA,208
Gloom Ripper,1,ECL,102
Confirm Suspicions,1,SOI,53
Lotleth Troll,1,CMA,183
Poetic Ingenuity,1,LCI,161
Somberwald Beastmaster,1,J25,715
Honored Hydra,1,AKH,172
Sylvan Scavenging,1,FDN,113
"Tawnos, the Toymaker",1,BRO,222
Byway Barterer,1,BLB,129
Skeletal Swarming,1,AFR,232
Turncoat Kunoichi,1,TMT,26
Ashroot Animist,1,FDN,117
Magus of the Future,1,TSR,75
Briarbridge Tracker,1,J25,639
Eliminate the Competition,1,KLD,78
Curse of Surveillance,1,MID,46
Radha's Firebrand,1,DMU,141
Gilt-Leaf Winnower,1,ORI,99
Mishra's Self-Replicator,1,DOM,223
Park Heights Pegasus,1,SNC,211
Obscura Interceptor,1,SNC,209
Getaway Car,1,SNC,237
Sphinx of the Chimes,1,RTR,52
Coruscation Mage,1,BLB,131
Weftstalker Ardent,1,EOE,169
Aether Tunnel,2,M19,43
"Kardur, Doomscourge",2,KHM,324
Soulgorger Orgg,2,JUD,99
Volcanic Spray,4,ODY,226
"Kardur, Doomscourge",2,KHM,216
Bottle Gnomes,2,9ED,290
Lead the Stampede,1,IKO,163
Bane of Bala Ged,1,BFZ,1
Whipcorder,2,ONS,60
Gathering Stone,1,ECL,257
Lay Claim,6,AKH,61
Timeline Culler,1,EOE,121
Curator's Ward,1,DOM,49
Blustersquall,3,RTR,30
Elusive Krasis,2,GTC,160
Sunbond,1,BNG,28
"Tenza, Godo's Maul",1,CHK,271
Rejuvenation Chamber,1,NEM,137
Thoughtrender Lamia,1,JOU,85
Sight of the Scalelords,1,DTK,207
Titanoth Rex,2,IKO,174
Provisions Merchant,1,WOE,321
Rogue's Passage,1,ORI,250
Divide by Zero,1,STX,41
Fanning the Flames,1,STH,80
Forerunner of the Heralds,2,RIX,129
Harnessed Lightning,1,KLD,117
Mindclaw Shaman,1,M13,142
Regrowth,1,A25,187
Brine Comber // Brinebound Gift,1,DBL,500
Enlistment Officer,2,APC,9
Tunneling Geopede,5,BFZ,158
Aphetto Runecaster,2,SCG,28
Kavu Howler,4,APC,79
Primitive Justice,1,ALL,77
Thaumatog,2,ODY,295
Elvish Scrapper,4,8ED,245
Penumbra Kavu,1,APC,83
Plaxcaster Frogling,1,MM2,184
Resolute Blademaster,12,BFZ,218
Abzan Battle Priest,2,KTK,1
Heartfire Hero,1,BLB,138
Lesser Masticore,5,MH1,225
Nessian Game Warden,4,JOU,132
"Raff, Weatherlight Stalwart",1,MUL,186
Raging Regisaur,1,RIX,168
Rashka the Slayer,1,HML,12
Turn the Earth,1,MID,205
Wash Out,1,2X2,67
Drake-Skull Cameo,1,INV,302
Orim's Prayer,1,TMP,32
Elite Guardmage,1,WAR,195
Skymark Roc,4,GK2,20
Aether Charge,2,ONS,184
Banewhip Punisher,1,HOU,59
Dying Wish,1,GTC,64
Faceless Devourer,1,TSR,115
Faith of the Devoted,2,C19,112
Fascination,1,FRF,34
Glimpse the Core,2,LCI,186
Goblin Scouts,1,MIR,178
Goblinslide,1,KTK,109
Heir of Falkenrath // Heir to the Night,2,SOI,116
Ordeal of Thassa,2,THS,58
Overwhelmed Apprentice,2,ELD,60
Overwhelming Instinct,2,ONS,276
Pathway Arrows,10,BFZ,225
Plumeveil,1,UMA,218
Prismatic Lens,1,EMA,230
Reclamation Sage,1,M15,194
Refreshing Rain,1,NEM,110
Retreat to Kazandu,2,BFZ,186
Scour for Scrap,1,EOE,73
Sixth Sense,2,AKH,187
Soltari Crusader,1,TMP,41
Thornscape Battlemage,5,PLS,94
Voice of All,1,PLS,19
Circuit Mender,1,NEO,242
Dreams of Steel and Oil,1,BRO,92
Fathom Fleet Swordjack,1,CMR,177
Glacial Wall,1,ICE,71
Gretchen Titchwillow,1,AFR,223
Lashknife Barrier,2,PLS,9
"Radha, Coalition Warlord",2,MUL,185
Rise of the Witch-king,1,LTR,221
Ruthless Knave,4,XLN,119
Tigereye Cameo,1,INV,314
Titan's Presence,2,BFZ,14
Voidwalk,1,GTC,55
Wolfhunter's Quiver,1,DKA,154
Become Immense,1,KTK,130
Bile Blight,1,BNG,61
Centaur Chieftain,2,TOR,122
Creeping Dread,1,SOI,104
Cyclops of Eternal Fury,1,JOU,92
Foundry Inspector,4,KLD,215
Heat of Battle,1,STH,88
Hold the Gates,3,GTC,16
Indrik Stomphowler,1,C15,186
Jolly Gerbils,1,BLB,19
Kird Chieftain,1,M15,151
Maverick Thopterist,1,C18,185
Needletooth Raptor,2,RIX,107
Prismatic Lens,1,C18,215
Stoneshock Giant,2,CM2,120
Stormchaser Drake,1,VOW,82
Visions of Brutality,4,OGW,81
Wall of Mulch,1,M15,208
Wizard's Retort,4,DOM,75
Ashenmoor Gouger,3,MM2,190
Boros Keyrune,2,GTC,227
Eaten by Piranhas,1,LCI,54
Extra Arms,2,SCG,92
Flow of Knowledge,1,BRO,49
Ghostly Touch,4,AVR,58
Oak Street Innkeeper,3,RTR,131
Obsessive Stitcher,1,AFC,189
Ordeal of Nylea,2,THS,170
Salvager of Ruin,1,M20,237
Sylvan Messenger,2,ORI,199
Torrent of Souls,1,ARC,96
Verduran Emissary,3,INV,221
Volcanic Torrent,1,CLB,813
Abzan Falconer,1,IMA,3
Balduvian Berserker,1,DMU,116
Bloodthirsty Aerialist,1,M20,91
Castle,1,6ED,6
Charging Tuskodon,2,RIX,97
Embereth Shieldbreaker // Battle Display,3,ELD,122
Fabrication Module,1,KLD,211
Femeref Archers,1,7ED,244
"Grunn, the Lonely King",6,DOM,165
Khenra Charioteer,1,AKH,201
Minister of Inquiries,5,KLD,57
Peregrin Took,3,LTR,181
Promise of Bunrei,1,A25,30
Rot Farm Skeleton,1,DGM,98
Scholar of the Ages,1,M20,74
Scytheclaw Raptor,1,LCI,323
Silumgar's Scorn,2,DTK,78
Slithery Stalker,4,TOR,84
Spellheart Chimera,1,DDS,25
Stasis Snare,1,BFZ,50
"Vega, the Watcher",1,KHM,332
Vigilante Justice,1,C20,164
Wall of Essence,2,M15,41
Wight of Precinct Six,2,GTC,84
Aven Wind Guide,2,AKH,195
Blizzard Specter,2,IMA,194
Boneyard Lurker,1,IKO,298
Broodhatch Nantuko,1,A25,162
Builder's Blessing,4,AVR,8
Cloudform,1,C18,83
Creeping Trailblazer,1,M20,207
Curious Homunculus // Voracious Reader,2,EMN,54
Death Mutation,2,APC,96
Dragonrage,3,FRF,97
Embalmer's Tools,3,AKH,227
Exclusion Mage,1,M19,55
Farmstead Gleaner,5,MH1,222
Goldnight Commander,2,AVR,22
Grovetender Druids,7,BFZ,212
Icefeather Aven,1,C19,194
Insatiable Hemophage,1,IKO,290
Iridescent Hornbeetle,1,ZNR,187
Kitesail Freebooter,1,XLN,110
Lava-Field Overlord,1,BBD,60
Lingering Tormentor,1,EVE,36
Ovalchase Daredevil,2,KLD,97
Passageway Seer,1,CLB,141
Phyrexian Ingester,1,CMM,111
Primal Empathy,1,NCC,348
Retreat to Emeria,3,BFZ,44
River Sneak,2,XLN,70
Rooting Kavu,2,INV,207
Seal of Cleansing,1,MH2,264
Serra Inquisitors,1,HML,16
Shefet Monitor,5,AKH,186
Tidings,1,C18,108
Untamed Wilds,1,7ED,279
Warrior en-Kor,1,STH,23
Abyssal Specter,1,7ED,116
Ambition's Cost,2,CLB,110
Animating Faerie // Bring to Life,1,ELD,280
Blanchwood Armor,2,8ED,234
Blood-Chin Rager,2,DTK,89
Blood-Cursed Knight,3,ORI,211
Breaker of Armies,1,BFZ,3
Bred for the Hunt,1,DGM,59
Cacophodon,2,RIX,123
Cephalid Broker,1,IMA,44
Consign // Oblivion,1,HOU,149
Destructor Dragon,2,FRF,127
Draconic Disciple,5,M19,215
Dusk Mangler,1,SNC,77
Emissary of Sunrise,1,XLN,10
Fungal Plots,1,DOM,160
Fyndhorn Elder,1,5ED,297
Gaea's Balance,1,APC,77
Gibbering Fiend,1,SOI,161
Glacial Revelation,1,MH1,167
Goblin Banneret,1,GRN,102
Goblin Glider,1,7ED,189
Hop to It,1,BLB,16
Hornswoggle,1,RIX,39
"Lagomos, Hand of Hatred",1,DMU,205
Militia Bugler,2,M19,29
Miming Slime,7,GTC,126
Mindless Automaton,1,MOC,365
Moonlight Hunt,2,SOI,219
Moss Diamond,1,7ED,309
Out of Bounds,1,BBD,38
Rakdos Headliner,1,MH2,210
Replication Specialist,1,NEO,76
Rhystic Scrying,1,PCY,44
Scavenger Drake,1,MM2,93
Silumgar Spell-Eater,5,DTK,77
Skyshroud Condor,1,TMP,88
Snapping Sailback,3,XLN,208
Stormwing Dragon,5,DTK,159
Sultai Charm,1,PKTK,204
Surprise Deployment,1,PLS,18
Urban Evolution,1,MM3,198
Volcanic Geyser,1,MIR,202
You See a Pair of Goblins,1,AFR,170
Arni Slays the Troll,2,KHM,201
Arvad the Cursed,1,DOM,191
Captain's Maneuver,1,APC,92
Commander's Authority,1,AVR,13
Consulate Surveillance,7,KLD,10
Dauntless Bodyguard,1,DOM,14
Dread Fugue,1,DBL,374
Dual Strike,1,KHM,132
Eclipsed Elf,1,ECL,218
Fireglass Mentor,1,BLB,213
Gates Ablaze,2,RNA,102
Glimpse the Sun God,1,BNG,13
Gridlock,2,GTC,36
Guardian of the Gateless,1,GTC,14
Hapatra's Mark,1,AKH,169
Herald of Faith,9,M19,13
Honored Crop-Captain,1,AKH,200
Ingenuity Engine,1,CMR,317
Iron-Shield Elf,1,ECL,108
Jubilant Skybonder,1,IKO,223
Keeper of Fables,1,ZNC,71
Mad Ratter,1,ELD,130
Noose Constrictor,3,EMN,164
Primoc Escapee,2,LGN,49
"Raphael, Most Attitude",1,TMT,199
Relic Vial,1,ZNR,250
Reviving Vapors,1,INV,265
Rise from the Tides,1,SOI,83
Samite Archer,2,INV,269
Searing Rays,4,INV,165
Seize the Storm,2,MID,158
Slaughter the Strong,1,CLB,43
Slice and Dice,1,C20,159
Thallid Soothsayer,6,DOM,107
Vanguard of Brimaz,1,BNG,29
"Vega, the Watcher",1,KHM,233
Web,2,9ED,281
"Whisper, Blood Liturgist",1,DOM,111
Winds of Qal Sisma,1,FRF,147
Yavimaya Kavu,3,INV,291
Zendikar Incarnate,3,ORI,219
Abzan Falconer,3,KTK,2
Act of Treason,2,M10,124
Addle,1,INV,91
Aethertorch Renegade,8,KLD,106
Akoum Refuge,1,C19,226
Amaranthine Wall,1,DOM,210
Ambuscade Shaman,1,DTK,87
Ancient Craving,1,A25,79
Ancient Silverback,2,M15,168
Anurid Scavenger,1,TOR,119
"Baird, Steward of Argive",1,DOM,4
Baron Bertram Graywater,1,OTJ,195
Battlefield Percher,1,NEM,52
Behind the Scenes,1,SOI,100
Bloodboil Sorcerer,2,CLB,164
Bond of Discipline,1,WAR,6
Brineborn Cutthroat,1,M20,50
Carrion Ants,1,5ED,150
Catacomb Sifter,5,BFZ,201
Collision // Colossus,2,RNA,223
Compelling Deterrence,1,DDQ,42
Conquer,1,5ED,216
Dawning Purist,2,ONS,22
Doomskar Titan,2,KHM,130
Erdwal Illuminator,2,J22,291
Feral Incarnation,2,M15,174
Geist of the Archives,2,EMN,62
Glassdust Hulk,2,2XM,199
Goham Djinn,2,INV,107
Graveshifter,1,PLST,MOC-251
"Halsin, Emerald Archdruid",2,CLB,234
Heroes' Bane,1,IMA,166
Human Frailty,1,AVR,109
Hunting Pack,2,SCG,121
Kjeldoran Frostbeast,1,ICE,296
Lunar Force,3,EMN,68
Lyev Skyknight,3,RTR,179
Mana Cylix,1,PLS,132
Martial Impetus,1,C21,96
Meteor Golem,1,CMM,399
Neutralize,1,IKO,59
Neutralizing Blast,2,FRF,44
Packsong Pup,1,VOW,213
Pale Rider of Trostad,1,SOI,128
Prized Unicorn,1,M11,193
Reverse Engineer,2,AER,42
Roaring Earth,1,NEO,204
Shrapnel Blast,1,M15,161
Skirk Drill Sergeant,2,LGN,112
Sleep,2,M19,74
Soul Tithe,4,RTR,23
Splendor Mare,3,IKO,32
Storm Fleet Sprinter,1,RIX,172
The Weatherseed Treaty,3,DMU,188
Tomebound Lich,1,M20,219
Trial of Ambition,2,AKH,113
Underhanded Designs,2,KLD,104
Vanish into Memory,1,AFC,196
Virulent Silencer,1,EOE,248
Void Shatter,1,OGW,49
Vow of Torment,1,CMR,159
Archipelagore,1,IKO,283
Assault // Battery,1,INV,295
Basilica Bell-Haunt,3,RNA,156
Bellowing Aegisaur,3,XLN,4
Brawler's Plate,3,ORI,224
Cartel Aristocrat,1,GTC,150
Clash of Wills,1,ORI,49
Defiant Greatmaw,4,AKH,163
Devoted Crop-Mate,3,AKH,10
District Guide,1,GRN,128
Donatello's Technique,1,TMT,39
First Sliver's Chosen,1,MH1,9
Fortune's Favor,1,EMN,61
Galloping Lizrog,2,RNA,175
Get Out,1,DSK,60
Gruul War Chant,2,DGM,75
"Harald, King of Skemfar",1,KHM,212
Havoc Demon,3,EMA,90
Hollowhead Sliver,1,MH1,132
Hope Tender,2,HOU,119
"Kazuul, Tyrant of the Cliffs",2,CMM,237
Keepsake Gorgon,7,THS,93
Kessig Malcontents,1,AVR,142
Knight of Obligation,4,GTC,18
Knockout Blow,1,SNC,20
Kor Duelist,2,MM2,22
Leafkin Avenger,1,M21,220
Lightning Dart,1,INV,152
"Maja, Bretagard Protector",1,KHM,222
Majestic Heliopterus,1,RIX,13
Manic Scribe,1,SOI,73
Mistfire Adept,1,2X2,59
Mistform Mutant,6,ONS,95
Mogis's Marauder,3,THS,97
Nightscape Battlemage,2,PLS,47
Nissa's Triumph,3,WAR,170
Olivia's Bloodsworn,4,SOI,127
Open into Wonder,5,AKH,64
Overgrowth Elemental,1,M20,187
Path to the World Tree,1,DMC,136
Phantom General,1,RTR,16
Phantom Monster,1,5ED,108
Primal Empathy,2,C21,227
Protect the Negotiators,1,DMU,62
Raised by Wolves,1,BNG,135
Raptor Hatchling,1,XLN,155
Repair and Recharge,1,BRO,24
Rhystic Syphon,1,PCY,76
Roc Charger,1,CLU,70
Rotwidow Pack,3,MH1,212
Savage Stomp,1,XLN,205
Saving Grace,1,HOU,21
"Svella, Ice Shaper",1,KHM,331
Switcheroo,1,BBD,133
Sword Dancer,1,PCY,25
Triton Fortune Hunter,3,THS,69
Turn to Frog,1,ORI,81
Vastwood Surge,1,ZNR,217
Walk the Plank,1,XLN,130
Wall of Bone,1,7ED,169
Wall of Swords,1,5ED,67
Wayfaring Giant,4,INV,44
Youthful Scholar,1,DTK,84
"Zada, Hedron Grinder",2,A25,156
Advanced Stitchwing,2,GNT,18
Banishing Stroke,2,AVR,7
Battlefront Krushok,2,FRF,125
Befoul,1,7ED,118
Benalish Emissary,1,INV,5
Bloodfire Kavu,2,APC,58
Call the Bloodline,1,SOI,103
Chronomaton,2,DDM,2
Cleanup Crew,1,SNC,141
Combine Guildmage,1,RNA,163
Covetous Urge,1,ELD,207
Crawling Infestation,1,VOW,193
Cult of the Waxing Moon,2,SOI,201
Dagger Caster,5,RNA,97
Death Pulse,2,ONS,137
Deathmark,1,M10,90
Dinosaur Stampede,4,XLN,140
Drover of the Mighty,2,JMP,388
Elspeth's Nightmare,1,THB,91
Embodiment of Insight,1,OGW,131
Extruder,1,MH2,296
Furnace Reins,2,MOM,141
Glacier Godmaw,1,EOE,188
Glint-Nest Crane,1,KLD,50
"Glorfindel, Dauntless Rescuer",1,LTR,171
Go-Shintai of Hidden Cruelty,2,NEO,97
Goblin Rally,4,RTR,95
Grave Consequences,8,JUD,67
Hard Cover,1,M20,63
Havoc Jester,1,M21,149
Infectious Rage,8,JUD,92
Juggernaut,7,EMA,224
Junktroller,3,RNA,235
Latch Seeker,1,AVR,63
Lure,3,IMA,175
Malevolent Whispers,1,C19,150
Meteor Golem,3,M19,241
Mistfire Weaver,5,KTK,46
Morbid Curiosity,3,KLD,94
"Narfi, Betrayer King",1,KHM,329
Nemesis of Mortals,3,THS,163
Parasitic Impetus,1,C20,46
Phantasmal Mount,1,ICE,88
Phyrexian Ingester,1,EMA,66
Phyrexian Splicer,1,TMP,303
Plague Mare,1,M19,114
Pride of the Perfect,1,CMR,144
Qarsi Deceiver,3,DTK,71
Rapacious Dragon,1,M20,153
Rescue from the Underworld,4,THS,102
Ringsight,2,LTR,220
Rith's Attendant,3,INV,310
Riverwise Augur,1,RIX,48
Savage Stomp,1,JMP,427
Sculpted Perfection,2,MOM,253
Seasoned Hallowblade,1,M21,34
Servant of the Stinger,1,OTJ,105
Shatter Assumptions,4,MH1,106
Shatterskull Minotaur,1,ZNR,160
Shower of Coals,8,ODY,221
Sigil of Valor,3,ORI,239
Skemfar Shadowsage,3,KHM,110
Skyrider Elf,8,BFZ,220
Spirit of the Aldergard,2,KHM,195
Spoils of Adventure,2,PLST,ZNR-237
Start Your Engines,9,KLD,135
Stormscape Battlemage,3,PLS,35
Suspicious Bookcase,2,M19,246
Taj-Nar Swordsmith,1,MM2,36
Thunderous Might,1,BNG,114
Tournament Grounds,1,ELD,248
Triumph of Ferocity,3,AVR,198
Tuya Bearclaw,2,CMR,292
Unstable Obelisk,1,C18,227
Vampiric Rites,1,WOT,37
Whirler Rogue,1,ZNC,39
Zanam Djinn,2,INV,90
Anchor to Reality,1,NEO,45
Angel's Feather,2,9ED,287
Aphetto Exterminator,6,LGN,59
Archangel,1,AVR,5
Auspicious Starrix,1,IKO,144
Autumnal Gloom // Ancient of the Equinox,1,SOI,194
Aven Sunstriker,1,DTK,5
Basalt Ravager,6,KHM,122
Battle Mastery,1,M15,4
Boon of Boseiju,1,NEO,176
Boon of the Wish-Giver,2,IKO,43
Botanical Brawler,3,MOM,220
Branchsnap Lorian,4,LGN,118
Brawler's Plate,2,M15,213
Brindle Shoat,1,JMP,380
Burning-Fist Minotaur,1,HOU,85
Chart a Course,3,XLN,48
Congregate,1,M15,6
Creative Outburst,2,STX,171
Crowned Ceratok,1,GTC,117
Deeproot Waters,3,XLN,51
Disorder,1,7ED,179
Dream Beavers,2,TMT,62
Duskfang Mentor,1,IKO,86
Elspeth's Smite,1,MOM,13
Enlarge,1,2XM,166
Enormous Baloth,1,10E,263
Extract from Darkness,1,2X2,210
Falkenrath Noble,1,J25,441
Fearsome Awakening,2,FRF,69
Feaster of Fools,3,MH1,90
Flamewave Invoker,2,BBD,178
Flinthoof Boar,2,M13,171
Ghost-Lit Nourisher,1,SOK,131
Gift of Orzhova,5,GTC,219
Go-Shintai of Lost Wisdom,1,NEO,55
Goblin Glider,2,8ED,189
Gyre Engineer,6,RNA,180
Haunted Cloak,1,SOI,257
"Heiko Yamazaki, the General",1,NEO,146
Hellraiser Goblin,2,GTC,95
Incendiary Flow,1,EMN,133
Invert // Invent,2,GRN,228
"Itzquinth, Firstborn of Gishath",1,LCI,230
Karok Wrangler,1,STX,135
Knightly Valor,8,M19,20
"Kongming, ""Sleeping Dragon""",1,A25,20
Lava Hounds,1,WTH,109
Lightning-Rig Crew,1,CMR,190
Maverick Thopterist,1,PLST,C18-185
Mental Vapors,2,GTC,72
Mischievous Poltergeist,1,6ED,144
Neglected Heirloom // Ashmouth Blade,1,SOI,260
Patagia Viper,1,DIS,89
Phyrexian Awakening,2,MOM,30
Pitchstone Wall,2,TOR,110
Proud Wildbonder,1,IKO,229
Quicksmith Genius,2,KLD,125
Riptide Chimera,1,JOU,48
Rust Scarab,1,GTC,130
Sapphire Drake,1,GTC,47
Scion of Ugin,1,PLST,DTK-1
Servo Exhibition,4,KLD,27
Sever Soul,2,8ED,162
Shadows of the Past,1,ORI,118
Sin Collector,1,DGM,103
Siren of the Silent Song,1,BNG,155
Slagstone Refinery,1,BRO,243
Slippery Scoundrel,2,RIX,55
Soulblade Corrupter,2,BBD,17
Spectral Steel,2,KHM,30
Spellgyre,1,BLB,72
Spurnmage Advocate,2,JUD,27
Start // Finish,1,AKH,215
Staunch Defenders,1,TMP,49
Stocking the Pantry,1,BLB,194
Sunset Pyramid,1,CMR,345
Tajuru Warcaller,11,BFZ,195
Teleportal,4,RTR,202
Tempting Licid,1,STH,122
Thirst for Knowledge,1,C18,106
Traitorous Greed,1,M21,166
Twinferno,1,DMU,149
Unlicensed Disintegration,2,2XM,224
Unnatural Moonrise,2,MID,247
Urza's Tome,2,DOM,235
Vampires' Vengeance,1,VOW,180
Vengeful Warchief,1,M20,121
Warden of the Woods,2,M21,213
"Abdel Adrian, Gorion's Ward",1,CLB,375
Air Elemental,1,M19,308
Alloy Golem,4,INV,297
Alpine Guide,1,MH1,117
Aven Archer,2,ODY,6
Bant Charm,1,NCC,330
Bartolome del Presidio,1,LCI,224
Biogenic Upgrade,2,RNA,123
Bladewing's Thrall,2,IMA,81
Blanchwood Armor,3,M19,169
Blessed Spirits,4,ORI,7
Bloodrage Brawler,3,AKH,121
Body Double,1,2X2,40
Bolt Hound,3,M21,131
Bounding Krasis,4,ORI,212
Break Through the Line,2,FRF,94
Bring Down,1,BBD,26
Burnished Hart,5,THS,213
Chaos Channeler,3,AFR,136
Convulsing Licid,2,STH,77
Departed Deckhand,6,M19,49
Destined // Lead,5,AKH,217
Dismantling Blow,5,MH1,5
Dissolve,4,THS,47
Dormant Grove // Gnarled Grovestrider,1,VOW,198
Draconic Roar,1,DTK,134
Dragon Cultist,1,CLB,170
Dragonspark Reactor,1,NEO,137
Dryad's Revival,2,MID,183
Era of Innovation,6,KLD,45
Extricator of Sin // Extricator of Flesh,2,EMN,23
Famished Paladin,1,RIX,8
Fireblade Charger,2,ZNR,139
Flood of Recollection,2,RIX,38
Frost Augur,2,KHM,56
Fugue,1,7ED,137
Gang Up,2,BBD,47
Glittering Stockpile,1,SNC,107
Grasping Shadows // Shadows' Lair,3,LCI,108
Grenzo's Ruffians,1,CN2,55
Guard Dogs,1,PLS,5
Hunting Pack,1,C20,179
Illusory Ambusher,2,C20,113
Invigorating Boon,8,ONS,267
Iona's Blessing,3,OGW,21
Ixalli's Lorekeeper,1,LCI,194
Jungle Barrier,1,IMA,202
Kamahl's Summons,4,ONS,269
Long-Finned Skywhale,5,KLD,54
Lucid Dreams,1,MH2,50
Lupinflower Village,1,BLB,256
Lurking Chupacabra,4,XLN,111
Mana Prism,1,6ED,297
Mausoleum Guard,1,J22,213
Mockery of Nature,1,EMN,10
"Nadier, Agent of the Duskenel",1,CMR,135
Nivix Guildmage,1,GK1,42
Novijen Sages,1,MM2,53
On Serra's Wings,1,DOM,28
Pelakka Wurm,1,MM2,154
Pennon Blade,1,ROE,221
Perilous Voyage,1,XLN,67
Prodigal Pyromancer,1,IMA,142
Pulse of Murasa,1,M20,189
Rage Weaver,1,INV,159
Raging Swordtooth,2,XLN,226
Razaketh's Rite,2,HOU,74
Regal Bloodlord,5,M19,222
"Renata, Called to the Hunt",1,MUL,28
Roar of Challenge,4,KTK,145
Rosie Cotton of South Lane,2,LTR,440
Rot Shambler,4,BFZ,187
Sandstone Oracle,1,IMA,227
Sawtooth Loon,1,PLS,123
Shake the Foundations,2,RIX,113
Skinrender,1,2X2,91
Sky Weaver,1,INV,74
Slum Reaper,6,RTR,77
Sonorous Howlbonder,2,IKO,230
Sorcerer's Wand,1,DOM,231
Strength of the Pack,1,RIX,145
Subjugator Angel,1,EMN,45
Swallow Whole,3,IKO,35
Swarm of Bloodflies,7,KTK,92
"Syr Faren, the Hengehammer",2,ELD,177
"Teyo, the Shieldmage",1,WAR,32
The Trickster-God's Heist,1,KHM,232
Thought Distortion,1,M20,117
Time to Reflect,5,AKH,33
Tolarian Emissary,2,INV,81
Trygon Predator,2,C20,232
Verdant Rebirth,2,XLN,212
Village Watch // Village Reavers,1,MID,297
Visage Bandit,1,OTJ,76
Vizkopa Confessor,3,GTC,205
Wee Dragonauts,3,EMA,212
Wispweaver Angel,1,J22,266
Abzan Charm,1,KTK,161
Acid-Spewer Dragon,3,DTK,86
Aerial Engineer,7,M19,211
Allied Strategies,1,PLS,20
Angel of Mercy,1,INV,2
Angelic Armaments,1,CMR,296
Aven Gagglemaster,1,M21,5
Back for More,3,IKO,177
Bad Deal,1,M21,89
Banisher Priest,1,DDO,2
Banishment,1,CLB,8
Barrier Breach,1,IKO,145
Blitz of the Thunder-Raptor,1,IKO,109
Bonded Horncrest,4,XLN,133
Bookwurm,1,STX,123
Brightmare,1,J22,159
Carnival // Carnage,2,RNA,222
Carven Caryatid,1,IMA,156
Cerulean Sphinx,1,RVR,36
Channeled Force,4,IKO,180
Charging Monstrosaur,4,XLN,138
Chief of the Edge,2,KTK,169
Cloudkill,1,CLB,121
Conclave Guildmage,2,GRN,162
Crawling Sensation,1,SOI,199
Crusader of Odric,4,M13,10
Crush Contraband,1,GRN,7
Crystal Rod,1,5ED,361
Declare Dominance,7,M19,175
Distracting Geist // Clever Distraction,4,VOW,9
Dose of Dawnglow,1,ECL,100
Drover of the Mighty,2,XLN,187
Dungeoneer's Pack,1,CLB,312
Emmessi Tome,1,EMA,221
Enduring Scalelord,5,DTK,222
Eumidian Terrabotanist,1,EOE,180
Evangel of Heliod,3,THS,11
Extract from Darkness,2,EMA,200
Fairgrounds Warden,2,KLD,13
Falkenrath Exterminator,1,AVR,134
Ferocity of the Wilds,2,ELD,123
Fireblade Artist,2,RNA,172
Firemind Vessel,1,2X2,306
Fleeting Memories,1,SOI,62
Gallows Warden,1,J22,187
Gateway Shade,4,GTC,65
Geistblast,2,SOI,160
Ghitu Slinger,5,EMA,133
"Gimli, Counter of Kills",1,LTR,312
Gnoll War Band,2,CLB,178
Gremlin Tamer,2,DSK,215
Ground Assault,1,ZNC,91
Heir of the Wilds,2,KTK,134
Hope Against Hope,2,SOI,22
Imperial Lancer,3,XLN,15
Interpret the Signs,2,CMR,75
Inventor's Apprentice,4,KLD,120
Jeskai Charm,3,2X2,232
Kavu Predator,2,A25,176
Keeper of Fables,3,ELD,163
Lithoform Blight,2,ZNR,109
Littjara Glade-Warden,2,KHM,182
Lodestone Needle // Guidestone Compass,2,LCI,62
Lys Alana Scarblade,2,EMA,95
Malakir Cullblade,1,ORI,108
Maraleaf Pixie,2,ELD,196
Master the Way,4,KTK,188
Merfolk Looter,1,EMA,61
Ministrant of Obligation,1,RVR,23
Nature's Way,5,KLD,162
Navigator's Ruin,3,XLN,63
Nuisance Engine,1,HOP,121
Oracle's Insight,1,BNG,47
Orc Sureshot,2,FRF,78
Order of Midnight // Alter Fate,1,ELD,99
Outrage Shaman,1,EVE,59
Path to the World Tree,2,KHM,186
Prized Elephant,2,M13,27
"Queza, Augur of Agonies",1,SNC,326
Ride Down,3,KTK,194
Roaring Primadox,1,M15,196
Rolling Thunder,3,BFZ,154
Rosie Cotton of South Lane,2,LTR,27
Ruination Guide,2,BFZ,64
Rune of Flight,1,KHM,75
Sage of Lat-Nam,3,DOM,64
Scuttling Sliver,4,MH1,68
Seal Away,1,DOM,31
See Red,1,RIX,112
Sentinel of the Eternal Watch,4,ORI,30
Shepherd of the Flock // Usher to Safety,4,ELD,28
Skittish Valesk,2,ONS,231
Skymarcher Aspirant,1,RIX,21
Slime Molding,3,RTR,135
"Slinn Voda, the Rising Deep",2,DOM,66
Smoky Lounge // Misty Salon,1,DSK,235
Sprouting Renewal,2,GRN,145
Staff of the Death Magus,1,M15,232
Stoke the Flames,2,MOM,166
Sulam Djinn,3,INV,212
Suspension Field,3,KTK,25
Susurian Voidborn,1,EOE,118
"Svella, Ice Shaper",1,KHM,230
Tainted Observer,1,ONE,217
Tamiyo's Logbook,2,ONE,70
Tanglespan Lookout,2,WOE,188
Thopter Arrest,1,AER,25
Treefolk Healer,4,INV,218
Trial of Solidarity,1,AKH,34
Triumph of Gerrard,2,DOM,38
Trove of Temptation,3,XLN,171
Ulrich's Kindred,3,SOI,187
Urborg Shambler,1,INV,133
Valeron Wardens,2,ORI,203
Vampiric Rites,1,BFZ,124
Vertigo,1,ICE,222
"Vohar, Vodalian Desecrator",1,DMU,226
Wall of Lost Thoughts,4,RNA,59
War Horn,2,ORI,243
Warhost's Frenzy,4,DMU,151
Weirding Wood,2,SOI,240
Whirlwind Denial,1,STA,23e
Wild Mammoth,1,NEM,124
Zameck Guildmage,1,GK2,129
Zendikar Incarnate,1,C18,195
Aegis of the Heavens,4,M19,1
Arcanist's Owl,9,NEC,135
Archfiend of Sorrows,1,MH2,74
"Arlinn, Voice of the Pack",2,WAR,150
Ascent of the Worthy,4,KHM,202
Atzocan Archer,4,XLN,176
Avalanche Caller,1,KHM,45
Azusa's Many Journeys // Likeness of the Seeker,3,NEO,172
Battle Brawler,4,FRF,63
Belligerent Brontodon,2,PLST,XLN-218
Bloodbond Vampire,7,BFZ,104
Board the Weatherlight,3,DOM,8
Bog Wraith,1,7ED,123
Boldwyr Intimidator,1,BBD,169
Boseiju Reaches Skyward // Branch of Boseiju,1,NEO,177
Brood Weaver,3,MID,173
Burning Anger,2,CMR,166
Cast Out,1,AKH,8
Crackdown Construct,5,AER,148
Creeping Mold,1,6ED,220
Cynical Loner,1,DSK,89
Dead Drop,7,KTK,67
Deadeye Brawler,2,RIX,155
Deadeye Plunderers,2,XLN,220
Despise,1,KTK,69
Dragon Trainer,1,FDN,84
Dreamstone Hedron,1,CMR,307
Druid's Familiar,3,AVR,175
Dungeon Map,1,AFR,242
Duskborne Skymarcher,1,XLN,9
Echoing Boon,2,CN2,3
Empyreal Voyager,2,KLD,180
Flame Spirit,1,ICE,184
Flayer Drone,3,OGW,148
Fruit of the First Tree,1,FRF,132
"Garna, the Bloodflame",3,DOM,194
Gempalm Sorcerer,2,LGN,39
Genestealer Locus,1,40K,21
Gisa's Bidding,2,SOI,114
Gliding Licid,1,STH,31
Gobbling Ooze,2,RTR,126
Goblin Boom Keg,7,FRF,159
Hailstorm Valkyrie,3,KHM,97
Heliod's Punishment,2,THB,21
High-Speed Hoverbike,1,NEO,247
Hornbash Mentor,2,IKO,159
Imperial Aerosaur,3,XLN,14
Integrity // Intervention,3,GRN,227
Invasion of the Giants,2,KHM,215
Ixalan's Binding,3,XLN,17
Justice,1,5ED,41
Karametra's Favor,2,SCD,195
Kargan Warleader,2,ZNR,224
"Kaya, Bane of the Dead",1,WAR,231
Lay Bare the Heart,2,AKH,96
Lesser Gargadon,8,8ED,199
Lifecrafter's Gift,2,AER,114
Lingering Phantom,4,DOM,99
Lurking Roper,1,AFR,328
"Maja, Bretagard Protector",1,KHM,327
Malakir Familiar,9,BFZ,116
Mer-Ek Nightblade,2,KTK,79
Meteor Golem,1,CMR,325
Might Weaver,4,INV,198
Mindmelter,1,OGW,149
Minotaur Aggressor,1,RTR,100
Minotaur Illusionist,1,APC,111
Molten Nursery,4,BFZ,130
Moritte of the Frost,1,KHM,328
Mysterious Tome // Chilling Chronicle,1,MID,63
Naya Battlemage,1,ALA,142
Necrosynthesis,1,MID,115
Nocturnal Raid,1,7ED,151
Ochran Assassin,1,GRN,194
Orzhov Keyrune,1,GTC,233
Peregrination,1,BNG,132
Pyromania,4,TOR,112
Raiders' Spoils,3,KTK,83
Rebel Salvo,2,ONE,144
Recollect,6,M19,197
Recruitment Officer,1,BRO,23
Restoration Specialist,2,AER,21
Roc Charger,1,GRN,24
Rootcoil Creeper,2,MID,238
Run Wild,8,ONS,279
Rune of Speed,3,KHM,148
Runed Crown,2,KHM,245
Sacred Excavation,1,AKH,67
Salt Road Ambushers,2,DTK,198
Sandstone Oracle,1,2XM,285
Savvy Hunter,5,ELD,200
Scuttlemutt,1,M20,238
Secret Plans,5,KTK,198
Shepherd of the Cosmos,2,KHM,28
Shifting Loyalties,2,FRF,51
Shiny Impetus,1,C20,55
Skarrgan Firebird,1,E01,57
Skizzik,1,DOM,145
Skullport Merchant,1,AFR,120
Soul Snare,3,C18,76
Spark of Creativity,3,KLD,131
Spore Swarm,1,DOM,180
Stinging Licid,1,TMP,91
Stormclaw Rager,2,MOM,254
Storyweave,1,NEO,209
Sunscourge Champion,1,HOU,26
Sunset Pyramid,1,HOU,166
Sure-Footed Infiltrator,3,ZNR,83
Swathcutter Giant,2,GRN,202
Synchronized Strike,2,AKH,190
Thopter Engineer,1,C21,181
Threnody Singer,1,THB,75
Time of Ice,2,DOM,70
Tomb Trawler,1,OTJ,250
"Totentanz, Swarm Piper",2,WOE,216
Towashi Guide-Bot,1,NEO,262
Twinblade Assassins,1,M21,226
Unburial Rites,1,2X2,95
Undercellar Sweep,1,CLB,47
Underworld Hermit,1,MH2,347
Vessel of Endless Rest,3,AVR,224
Village Watch // Village Reavers,4,MID,165
Void Beckoner,1,IKO,104
Vow of Flight,1,CMR,105
Wall of Resurgence,1,OGW,39
Watchers of the Dead,3,AKH,238
Weaponcraft Enthusiast,9,KLD,105
Wicked Slumber,3,MOM,84
Wildwood Scourge,1,FDN,236
Willbender,2,LGN,58
Abyssal Specter,1,MM3,59
Agonizing Memories,1,WTH,60
Ahn-Crop Crasher,2,AKH,117
Algae Gharial,1,MM2,137
"Alharu, Solemn Ritualist",1,CMR,4
Alpha Kavu,5,PLS,77
Appetite for Brains,3,AVR,84
Arashin War Beast,1,FRF,123
Armorcraft Judge,1,JMP,377
Artistic Refusal,2,MOM,46
Baloth Woodcrasher,2,C18,130
Black Oak of Odunos,1,BNG,62
Blood Divination,2,M19,86
Bomat Bazaar Barge,3,KLD,198
Brambleguard Captain,1,BLB,127
Branch of Vitu-Ghazi,1,MKM,258
"Breeches, Brazen Plunderer",1,CMR,165
Bronzeplate Boar,1,NEO,135
Brood Monitor,2,BFZ,164
Burning Hands,2,AFR,135
Channel Harm,1,FRF,7
Chemister's Insight,3,GRN,32
Clattering Augur,1,MH2,79
Cloudblazer,6,KLD,176
Coastline Marauders,1,CMR,168
Congregate,3,A25,8
Conifer Wurm,4,MH1,159
Convenient Target,1,MKM,119
Deepmuck Desperado,2,OTJ,42
Demolish,2,ODY,183
Demolition Stomper,1,KLD,206
Demonfire,1,RVR,107
Desert's Hold,3,HOU,8
Diamond Mare,2,M19,231
Dinrova Horror,2,GTC,155
Dokuchi Silencer,2,NEO,340
Drudge Spell,1,HML,45
Edifice of Authority,2,AKH,226
Engulfing Flames,2,ODY,191
Enraged Ceratok,1,RNA,125
Escape Velocity,1,THB,132
Fatal Grudge,1,SNC,187
Firefist Adept,5,DOM,121
Flametongue Yearling,1,MH2,125
Frenzied Tilling,4,GTC,166
Frostpyre Arcanist,1,KHM,58
Gateway Sneak,2,RNA,40
Geist of the Lonely Vigil,2,EMN,27
Give No Ground,1,EMN,29
Glowstone Recluse,3,IKO,156
Goblin Traprunner,1,MH2,130
Goma Fada Vanguard,3,ZNR,141
Graf Mole,1,SOI,207
Grave Strength,4,FRF,71
Heroes' Reunion,3,RTR,168
Heroic Reinforcements,1,M19,217
Hoarding Dragon,1,IMA,134
Honored Dreyleader,1,BLB,178
Hound Tamer // Untamed Pup,1,MID,302
Howling Golem,2,DOM,218
Icebind Pillar,3,KHM,62
Insatiable Gorgers,1,EMN,134
Inspiring Cleric,1,J22,199
Iron Star,2,5ED,379
Jeskai Charm,5,KTK,181
Jubilant Mascot,3,BBD,28
Kindly Stranger // Demon-Possessed Witch,1,SOI,119
Kjeldoran Elite Guard,1,ICE,34
Kraul Swarm,1,J22,432
Lava Coil,2,GRN,108
Lilysplash Mentor,1,BLB,222
Lunar Frenzy,2,MID,147
Mangara's Equity,2,MIR,26
Marsh Crocodile,3,PLS,115
Meriadoc Brandybuck,2,LTR,314
Meteoric Mace,1,CMR,192
Micromancer,1,DMU,57
Ministrant of Obligation,1,RNA,16
Mischievous Chimera,1,THB,223
Mobilizer Mech,1,NEO,65
Morkrut Necropod,1,SOI,125
Murder Investigation,2,GTC,21
New Prahv Guildmage,1,RTR,181
Nightmare's Thirst,1,M19,111
Noble Quarry,2,BNG,130
Pelakka Predation // Pelakka Caverns,1,ZNR,120
Rabid Gnaw,1,BLB,147
Reclusive Artificer,3,ORI,216
Revenant,2,CMR,147
Ride Down,2,OTP,52
Ridgescale Tusker,1,AER,121
Rockslide Elemental,2,ALA,112
Sage of the Falls,1,ELD,63
Sanctuary Lockdown,2,IKO,28
"Sarevok, Deathbringer",2,CLB,144
Scholar of the Ages,1,CMR,93
Scrappy Bruiser,1,MOM,382
Self-Inflicted Wound,2,DTK,117
Seraph of the Suns,2,AKH,28
"Shanna, Sisay's Legacy",2,DOM,204
Shieldhide Dragon,1,DTK,37
Shivan Raptor,1,USG,215
Skilled Animator,4,M19,73
Skyclave Cleric // Skyclave Basilica,2,ZNR,40
Skyship Plunderer,2,AER,46
Skysnare Spider,4,ORI,197
Sparkcaster,4,PLS,126
Spatial Contortion,1,OGW,8
Spike Soldier,1,STH,119
Spitebellows,1,MM2,128
Spitting Spider,2,8ED,280
Staff of the Sun Magus,1,M14,222
Stone Giant,1,5ED,269
Sunblade Angel,1,WAR,31
Survey Mechan,1,EOE,245
Swift Warkite,1,DTK,233
Teapot Slinger,1,BLB,157
Thalakos Dreamsower,1,TMP,92
Thundering Spineback,1,XLN,210
Thunderscape Battlemage,1,DDE,41
Tide Skimmer,1,M21,79
Tooth and Claw,2,EMA,151
Treasure Trove,2,8ED,110
Untamed Wilds,1,5ED,335
Urbis Protector,4,GTC,27
Veilborn Ghoul,3,M13,114
Vile Mutilator,1,DSK,122
Vithian Stinger,1,MM3,115
Vivisection,1,MID,83
Void Attendant,3,BFZ,169
Voltaic Brawler,1,KLD,189
Wanderbrine Trapper,1,ECL,42
Warcry Phoenix,5,DOM,150
Warfire Javelineer,1,JMP,370
Wildfire Cerberus,1,JOU,116
Witches' Eye,1,THS,222
Abyssal Gorestalker,3,LCI,87
Aether Mutation,1,APC,91
Aetherplasm,1,RVR,34
Ahn-Crop Champion,4,AKH,194
Ainok Survivalist,4,DTK,172
Alive // Well,2,DGM,121
Angelic Page,3,A25,4
Arachnus Spinner,1,2X2,135
Armorcraft Judge,3,KLD,144
Ascended Lawmage,3,DGM,53
Ashiok's Adept,1,BNG,59
Aven Fateshaper,6,ONS,69
Avian Oddity,2,IKO,42
Baleful Ammit,1,AKH,79
Baloth Cage Trap,1,MM3,120
Barbed Spike,1,MH2,5
Beamsplitter Mage,1,GRN,155
Biting Rain,4,SOI,102
Boldwyr Intimidator,1,MOR,86
Boonweaver Giant,3,M15,5
Boros Swiftblade,1,MM2,172
Bound by Moonsilver,1,SOI,7
Brood Keeper,4,M15,132
Butcher's Cleaver,1,ISD,217
Careening Mine Cart,1,LCI,247
Chasm Guide,11,BFZ,143
Chittering Skitterling,3,ONE,87
Chupacabra Echo,1,LCI,97
Citizen's Crowbar,1,SNC,8
Clay-Fired Bricks // Cosmium Kiln,3,LCI,6
Cleric of Life's Bond,2,ZNR,222
Coerced to Kill,1,MKM,192
Collective Nightmare,1,MOM,95
Containment Breach,1,STX,125
Corpse Cobble,3,MID,214
Courier of Comestibles,1,TMT,112
Courier's Briefcase,1,SNC,467
Cradle Clearcutter,1,BRO,198
Crimson Muckwader,5,M13,127
Deathmark Prelate,4,LGN,65
Decimator Beetle,5,AKH,197
Deepchannel Duelist,1,ECL,213
Demonmail Hauberk,1,ISD,221
Dire Fleet Captain,3,XLN,221
Diregraf Rebirth,2,MID,220
Dovin's Acuity,4,RNA,168
Dragonloft Idol,4,DTK,237
Dreadhound,4,MID,97
Dryad Greenseeker,4,M19,178
Enormous Baloth,8,8ED,S6
Enterprising Scallywag,1,LCI,148
Fall of the Impostor,2,KHM,208
Fallen Angel,1,A25,91
Ferocification,1,OTJ,123
Fiend Hunter,2,ISD,15
Flame Sweep,2,M20,139
Flinthoof Boar,3,EMA,166
Flowstone Charger,4,APC,99
Forerunner of Slaughter,5,BFZ,204
Frenzied Goblin,2,M15,142
Galewind Moose,1,BLB,173
Gate Colossus,2,RVR,257
Gate Smasher,2,DTK,239
Gate to the Afterlife,2,AKH,228
Ghosthelm Courier,8,ONS,85
Giant Opportunity,2,ELD,159
Gilt-Leaf Winnower,1,CMR,130
Glimmer of Genius,7,KLD,49
Go Ninja Go,1,TMT,149
Graceblade Artisan,2,DTK,20
Graceful Restoration,1,MH2,201
Graxiplon,2,ONS,86
Green Dragon,1,AFR,186
Griffin Guide,1,TSR,19
Grinning Ignus,1,STX,104
Hardy Outlander,2,CLB,235
Haunted Dead,3,EMN,92
Heartless Pillage,3,XLN,109
Hidden Herbalists,1,AER,110
Imperial Ceratops,1,RIX,10
Imperial Recovery Unit,2,NEO,18
Inspiring Veteran,2,ELD,194
Invasion of Dominaria // Serra Faithkeeper,5,MOM,21
Invasion of Xerex // Vertex Paladin,1,MOM,242
Jace's Defeat,3,HOU,38
Journey to Oblivion,2,ZNR,17
Kaya's Onslaught,3,KHM,18
Kolaghan Monument,1,DTK,241
"Koll, the Forgemaster",1,KHM,220
Korvold and the Noble Thief,1,WOE,139
Lancers en-Kor,1,STH,8
Lantern of the Lost,1,VOW,259
Living Lore,1,UMA,62
Macabre Mockery,4,RNA,191
Magnifying Glass,1,C18,208
Markov Crusader,1,EMN,95
Markov Retribution,1,VOW,171
Master of the Veil,2,LGN,43
Maulfist Doorbuster,6,KLD,123
Meteor Golem,1,M20,232
Mirrorwood Treefolk,4,PLS,83
Mischievous Catgeist // Catlike Curiosity,2,VOW,69
"Nahiri, Storm of Stone",1,WAR,233
Nimbus Champion,3,BBD,37
Not Forgotten,1,SOI,30
Noxious Dragon,1,BBD,152
Obstinate Baloth,2,BRO,187
Ojutai Monument,2,DTK,242
Oracle of Tragedy,1,MOM,71
Orzhov Advokist,1,CMR,35
Orzhov Pontiff,1,2X2,261
Paradise Plume,1,TSP,260
Peema Aether-Seer,1,AER,119
Perimeter Enforcer,1,MKM,31
Pheres-Band Raiders,1,BNG,133
Plate Armor,1,AFR,32
Popular Egotist,1,DSK,114
Quilled Slagwurm,1,MBS,89
Raugrin Crystal,4,IKO,238
Ravenous Giant,1,MH1,143
Redcap Melee,1,ELD,135
Refurbish,5,KLD,25
Runebound Wolf,1,VOW,176
Saddled Rimestag,3,MH1,177
"Safana, Calimport Cutthroat",1,CLB,143
Sanctuary Smasher,1,IKO,135
Scrabbling Claws,7,RNA,238
Sea Drake,1,MH2,268
Serene Steward,5,BFZ,46
"Shadowfax, Lord of Horses",1,LTR,227
Shieldmage Elder,4,ONS,54
Shifting Sky,4,PLS,32
Shockmaw Dragon,1,FRF,114
Short Bow,1,BLB,248
Sight Beyond Sight,2,DTK,75
Sigil Blessing,1,MM2,187
Sigiled Starfish,4,ORI,73
Silumgar Monument,2,DTK,243
Skyclave Geopede,1,ZNR,163
Skyship Plunderer,1,NCC,232
Skywise Teachings,2,DTK,79
Slaying Fire,3,ELD,143
Soulblade Renewer,1,BBD,18
Spire Patrol,1,AER,136
Stampede Driver,1,A25,188
Starseer Mentor,1,BLB,233
Steadfast Armasaur,2,XLN,39
Steelclaw Lance,2,ELD,202
Stormrider Rig,1,DTK,245
Strider Harness,2,OGW,167
Strongarm Monk,3,DTK,39
Struggle // Survive,1,ZNC,102
Sultai Charm,4,KTK,204
Sunbird Standard // Sunbird Effigy,2,LCI,262
Sunblade Elf,1,M15,202
Switcheroo,8,M19,78
Synapse Necromage,3,LCI,125
"Syr Carah, the Bold",1,ELD,145
Take for a Ride,1,OTJ,148
Take Up Arms,4,BBD,111
Tapestry of the Ages,3,DTK,246
"Targ Nar, Demon-Fang Gnoll",1,AFR,234
"Tatyova, Benthic Druid",1,FDN,247
Tergrid's Shadow,3,KHM,113
The Bath Song,1,LTR,40
The Fall of Lord Konda // Fragment of Konda,1,NEO,12
The Neutrinos,2,TMT,160
Thundercloud Elemental,2,SCG,54
Treacherous Terrain,1,C16,47
Treacherous Vampire,2,JUD,75
Triumphant Chomp,1,LCI,170
Trueheart Duelist,4,AKH,35
Trumpeting Gnarr,3,IKO,213
Twinblade Geist // Twinblade Invocation,1,VOW,40
Twisted Sewer-Witch,1,WOE,114
Untamed Kavu,2,DOM,186
Vampiric Rites,2,2X2,98
Vengeful Possession,1,DSK,162
Vexing Scuttler,2,EMN,11
Vine Mare,2,M19,207
Viral Spawning,2,ONE,194
Visage of Dread // Dread Osseosaur,2,LCI,129
Vizier of Deferment,3,AKH,37
Void Squall,1,DTK,83
Volcanic Geyser,2,M13,154
Walker of the Wastes,1,OGW,10
Wear Down,1,BLB,203
Windrider Wizard,1,ZNR,87
Wingspan Mentor,2,IKO,72
Xathrid Slyblade,1,M15,124
Act on Impulse,1,M15,126
"Aegar, the Freezing Flame",2,KHM,200
Aethershield Artificer,1,M19,2
Agent of Masks,1,MM3,149
Air Elemental,1,6ED,56
Anchor to the Aether,2,ORI,44
Angel of Renewal,4,BFZ,18
Annex Sentry,1,ONE,2
Archipelagore,2,IKO,41
Ashnod's Harvester,1,BRO,117
Atmosphere Surgeon,1,ONE,41
Azorius Keyrune,1,RTR,225
Ballista Charger,8,KLD,196
Banishing Slash,1,NEO,3
Battlewise Hoplite,5,THS,189
Belligerent Yearling,2,LCI,133
Belltoll Dragon,1,DTK,46
Biogenic Upgrade,1,2X2,137
Biolume Egg // Biolume Serpent,2,VOW,49
Birthing Hulk,4,OGW,121
Blacksmith's Talent,1,BLB,125
Blaze Commando,1,DGM,56
Bleeding Edge,1,WAR,78
Blistercoil Weird,2,RTR,211
Blizzard Strix,11,MH1,42
Bloodsoaked Altar,5,M20,90
Bolrac-Clan Basher,1,MKM,112
Book of Mazarbul,1,LTR,116
Boros Challenger,1,GRN,156
Call of the Nightwing,2,GTC,149
Call to the Feast,1,XLN,219
Canopy Stalker,1,M21,175
Carbonize,2,SCG,83
Carrion Wurm,2,TOR,55
Cartographer's Survey,1,DBL,457
Cellar Door,1,ISD,218
Centaur Chieftain,6,EMA,160
Cephalid Inkmage,1,FDN,32
Clockwork Hydra,1,TSR,264
Conclave Naturalists,1,PORI,171
Coordinated Assault,4,THS,116
Cranial Archive,1,KTK,218
Crashing Centaur,2,ODY,235
Cyclops Electromancer,2,WAR,122
Deadly Designs,1,A25,83
Death in the Family,1,TMT,61
Deathless Ancient,3,XLN,100
Decompose,4,ODY,128
Demogorgon's Clutches,1,AFR,96
Deranged Whelp,1,EMN,125
Desculpting Blast,1,EOE,54
Devouring Light,1,J22,175
Disinformation Campaign,2,GRN,167
Displacer Beast,3,AFR,54
Drill Bit,2,RNA,73
Dromoka Captain,4,DTK,12
Dusk Legion Dreadnought,3,XLN,236
Eccentric Apprentice,1,AFR,57
Eerie Interference,1,WOE,12
Ember Hauler,1,M11,135
Etched Oracle,1,MM2,211
Ethersworn Sphinx,1,MH2,195
Exemplar of Strength,1,AKH,165
Expose the Culprit,1,MKM,124
Eyeblight Massacre,4,ORI,96
Fallaji Vanguard,1,BRO,210
Fangblade Brigand // Fangblade Eviscerator,2,MID,139
"Faramir, Field Commander",1,LTR,303
Fencing Ace,1,RTR,11
Fettergeist,4,AVR,52
"Firja, Judge of Valor",2,KHM,209
"Firja, Judge of Valor",1,MUL,40
First Response,1,M15,12
Flaming Gambit,4,TOR,98
Foul Presence,1,APC,39
Frantic Scapegoat,1,MKM,347
"Fynn, the Fangbearer",3,MUL,26
Gaea's Courser,1,BRO,181
Gainsay,1,THS,49
Galvanic Giant // Storm Reading,1,WOE,52
Gatstaf Shepherd // Gatstaf Howler,1,ISD,182
Get a Leg Up,1,MKM,161
Ghost of Ramirez DePietro,1,CMR,71
Ghoulsteed,2,UMA,97
Goblin Barrage,7,DOM,128
Graverobber Spider,3,BNG,122
Greenbelt Radical,1,MKM,163
Gruul Keyrune,3,GTC,230
Heartfire Immolator,1,M21,150
Hexgold Hoverwings,2,ONE,14
Hidden Horror,1,6ED,137
Honor's Reward,3,FRF,14
Horizon Chimera,2,THS,194
Hunting Pack,1,IMA,168
Huntmaster Liger,2,IKO,16
Icefeather Aven,6,KTK,178
Impetuous Protege,4,BBD,19
In Bolas's Clutches,3,DOM,54
Insatiable Harpy,6,THS,92
Jayemdae Tome,4,ORI,231
Joraga Invocation,1,ORI,183
Juniper Order Ranger,1,CN2,204
Kardur's Vicious Return,2,KHM,217
Killing Glare,1,GTC,70
Kiss of the Amesha,3,BBD,225
Krosan Colossus,1,A25,177
Krosan Tusker,1,A25,178
Lashweed Lurker,3,EMN,9
Let's Play a Game,1,DSK,105
Lightning Stormkin,1,M20,213
Liliana's Elite,2,EMN,94
Liquid Fire,4,ODY,201
Lookout's Dispersal,6,XLN,62
Magma Jet,4,THS,128
Marang River Prowler,1,FRF,40
Master's Guide-Mural // Master's Manufactory,1,LCI,233
Meadowboon,1,MOR,17
Meteor Golem,1,AFC,210
Mogis's Warhound,1,JOU,104
Monoskelion,1,MH2,229
Mystic Skull // Mystic Monstrosity,1,MID,256
Oakhame Ranger // Bring Back,4,ELD,302
Ondu Rising,6,BFZ,41
One with the Stars,1,THB,59
Orcish Artillery,4,9ED,206
Ordeal of Heliod,5,THS,25
Ordeal of Nylea,1,CMR,247
Orzhov Enforcer,3,RNA,79
Patron of the Valiant,1,JMP,128
Pattern Matcher,3,M20,234
Phyrexian Gargantua,1,EMA,101
Phyrexian Hulk,2,7ED,312
Pilfering Imp,1,GRN,81
Pinnacle of Rage,2,BNG,105
Plated Crusher,11,BFZ,183
Prismari Apprentice,2,STX,213
Prosperity Tycoon,1,OTJ,25
Racecourse Fury,1,RTR,104
Raffine's Silencer,1,SNC,90
Ravaging Blaze,2,ORI,159
Ravenous Harpy,1,M19,115
Reckless Scholar,2,SOI,82
Reduce // Rubble,6,AKH,216
Retreat to Valakut,9,BFZ,153
Retributive Wand,2,M20,236
Return Upon the Tide,1,KHM,106
Rhox War Monk,3,ALA,188
Riddle of Lightning,4,JOU,107
"Rona, Disciple of Gix",1,DOM,203
Roost of Drakes,1,ZNR,74
"Ruby, Daring Tracker",1,FDN,245
Ruthless Instincts,3,FRF,136
"Sami, Ship's Engineer",1,EOE,225
Savai Thundermane,1,IKO,205
Shambling Suit,9,ELD,230
Shepherd of the Clouds,1,OTJ,28
Skyclave Plunder,1,ZNR,81
Slickshot Lockpicker,2,OTJ,67
Smelt-Ward Minotaur,1,GRN,116
Spire Mangler,2,RNA,86
Spiteful Motives,3,SOI,183
Stingerfling Spider,1,CMR,258
Stormblood Berserker,2,MM2,130
Stormwild Capridor,2,IKO,34
Sudden Setback,1,MKM,72
Sunhome Guildmage,1,GTC,200
Sunrise Cavalier,5,MID,244
Tempered in Solitude,2,NEO,165
The Three Seasons,3,KHM,231
Thirsting Axe,1,EMN,202
Trumpeting Armodon,1,TMP,262
Unchained Berserker,1,M20,164
Unforgiving One,1,NEO,127
Urza's Rage,5,MH1,151
Vampire Sovereign,3,M19,125
Vengeance,6,8ED,S2
Verduran Emissary,1,DDE,43
"Vial Smasher, Gleeful Grenadier",1,OTJ,235
Vineshaper Mystic,1,XLN,214
Warbringer,3,DTK,168
Whirlwind Denial,1,THB,81
Whispers of Emrakul,2,EMN,114
Windstorm,3,KTK,157
Wing Shards,4,IMA,38
Accursed Horde,1,HOU,56
Aether Meltdown,6,KLD,36
Akroan Hoplite,2,THS,185
Altac Bloodseeker,2,M15,128
Anaconda,2,9ED,229
Angel's Tomb,2,AVR,211
Aquatic Incursion,3,RIX,32
Arc Lightning,6,KTK,97
Arcane Infusion,1,MID,210
Archway Angel,5,RNA,3
Artisan's Sorrow,3,THS,151
Ashiok's Reaper,1,WOE,79
Bear's Companion,3,KTK,167
Belligerent Brontodon,5,XLN,218
Bishop of the Bloodstained,3,XLN,91
Blightcaster,2,ORI,85
Blossom Prancer,3,NEO,175
Bog Wraith,1,5ED,147
Bone to Ash,6,M19,47
Boreal Outrider,1,KHM,163
Briarbridge Patrol,3,SOI,195
Canyon Jerboa,2,ZNR,7
Cathar's Call,2,MID,11
Chakram Slinger,1,BBD,16
Charging Troll,1,DDE,45
Chitinous Cloak,4,OGW,163
Chittering Harvester,2,IKO,80
Circle of Elders,2,DTK,176
Citywatch Sphinx,1,GRN,33
Codecracker Hound,1,EOE,50
Coerced Confession,1,GTC,217
Commander Liara Portyr,1,CLB,270
Copper Host Crusher,1,MOM,181
Cower in Fear,4,M13,84
Cryptic Cruiser,3,BFZ,56
Cult Guildmage,3,RNA,164
Dagger of the Worthy,4,HOU,160
Daring Sleuth // Bearer of Overwhelming Truths,3,SOI,54
Death Frenzy,3,KTK,172
Defiled Crypt // Cadaver Lab,1,DSK,91
Diligent Excavator,4,DOM,51
Disappearing Act,2,KLD,43
Doomfall,1,HOU,62
"Elrond, Lord of Rivendell",1,LTR,49
Endless Obedience,1,M15,94
"Eowyn, Lady of Rohan",1,LTR,10
Essence Capture,5,RNA,37
Essence Depleter,1,OGW,69
Exuberant Wolfbear,2,IKO,151
Festerleech,1,MKM,85
Fiery Conclusion,2,ORI,144
"Firja, Judge of Valor",1,KHM,322
Flametongue Kavu,1,DMR,120
Flashfreeze,3,MM2,45
Flaying Tendrils,1,OGW,70
Fortress Cyclops,1,GTC,164
Frenzied Saddlebrute,2,CMR,180
Gift of Paradise,3,M19,184
Goblin Morningstar,3,AFR,145
Golgari Decoy,2,RTR,127
Golgari Findbroker,1,GRN,175
Grappling Sundew,1,GRN,131
Graveblade Marauder,1,2X2,77
Graveyard Shift,1,SNC,81
Griffin Guide,1,DMR,8
Grizzly Ghoul,3,MID,226
"Grond, the Gatebreaker",1,LTR,89
Ground Assault,1,GTC,168
Hexgold Halberd,1,ONE,136
Hieromancer's Cage,1,M19,14
Hindervines,1,GTC,124
Illusion Spinners,1,ECL,55
Innocent Traveler // Malicious Invader,2,VOW,294
Invasion of Pyrulea // Gargantuan Slabhorn,1,MOM,240
Iroas's Champion,1,ORI,214
Jelenn Sphinx,5,DGM,77
Kapsho Kitefins,4,M15,66
Ketria Crystal,3,IKO,236
Knightly Valor,3,ORI,22
Kor Bladewhirl,3,BFZ,34
"Lagrella, the Magpie",1,SNC,196
Larval Scoutlander,1,EOE,194
Leonin Iconoclast,2,JOU,16
Liege of the Axe,2,LGN,16
Lightning-Rig Crew,2,XLN,150
Lore Drakkis,1,IKO,194
Magnetic Snuffler,2,MKM,254
Magnifying Glass,3,SOI,258
Malakir Soothsayer,1,OGW,87
Marauding Looter,3,XLN,225
Mark of Mutiny,1,M13,141
Master Splicer,2,M20,29
"Mauhur, Uruk-hai Captain",1,LTR,214
Merchant Raiders,1,CMR,81
Merfolk of the Depths,1,GTC,221
Meteorite,1,ORI,233
Might of the Masses,2,GRN,137
Mistmeadow Witch,1,MM3,210
Mole Worms,1,5ED,179
Murder of Crows,1,AFC,88
Necromantic Summons,3,ORI,110
Obsessive Skinner,3,SOI,220
Okiba Salvage,1,NEO,118
Once and Future,1,ELD,168
Oracle's Insight,1,BBD,127
Orzhov Racketeers,5,RNA,80
Pharika's Mender,3,THS,197
Phyrexian Missionary,1,DMU,27
Predatory Impetus,4,C20,62
Psychic Impetus,1,C20,37
Quintessential Katana,2,TMT,23
Radiant Epicure,1,MH2,98
Rally the Peasants,1,ISD,28
Rallying Roar,3,XLN,30
Rampaging Ceratops,1,LCI,322
Rigging Runner,3,XLN,157
Rites of Reaping,1,RTR,191
Riveteers Charm,1,SNC,217
Rod of Ruin,3,7ED,314
Sadistic Skymarcher,2,RIX,85
Sea God's Scorn,1,THB,63
Seal from Existence,3,MOM,35
Sealock Monster,4,THS,62
Self-Reflection,1,FDN,163
Serpentine Basilisk,8,ONS,280
Settle the Score,3,DOM,103
Shadowmage Infiltrator,1,A25,217
Shrewd Hatchling,1,EVE,112
Siegebreaker Giant,6,M19,157
Sifter Wurm,1,CMR,254
"Slurrk, All-Ingesting",1,CMR,256
Soulcatcher,1,EMA,30
Spectral Shepherd,2,VOC,98
Spreading Flames,1,EMN,143
Sprouting Thrinax,1,2X2,278
Stinging Cave Crawler,3,LCI,124
Stonebinder's Familiar,1,STX,31
Sudden Impact,2,8ED,226
Surge of Righteousness,3,DTK,42
Suspicious Bookcase,1,JMP,487
Swift Reckoning,1,ORI,35
Systems Override,1,EOE,161
Tattermunge Witch,1,MM3,212
Tectonic Rift,7,M19,162
Terminal Agony,1,OTP,55
Terra Ravager,1,C13,126
Thought Harvester,3,OGW,48
Thwart the Grave,1,ZNR,130
"Tiana, Ship's Caretaker",2,DOM,208
Treasure Dredger,1,OTJ,110
Triton Tactics,1,THS,71
Unraveling Mummy,2,HOU,147
Vaultbreaker,3,FRF,117
Vengeance,1,7ED,54
Viashino Sandstalker,2,8ED,230
Vitu-Ghazi Guildmage,4,RTR,207
Vizier of the Anointed,2,HOU,55
Volcanic Dragon,9,M19,167
Wall of Limbs,1,M15,121
Warden of Evos Isle,2,M20,79
Windstorm Drake,3,RNA,60
Witness the Future,1,VOW,90
Acolyte of the Inferno,7,ORI,128
"Alirios, Enraptured",1,THB,42
Arcane Encyclopedia,4,M19,227
Arrows of Justice,2,GTC,211
Asari Captain,4,NEO,327
Atarka Pummeler,2,DTK,129
Awaken the Sleeper,3,ONE,119
Azorius Skyguard,2,RNA,155
Azure Mage,1,MM3,31
Baloth Null,2,OGW,152
Bark-Knuckle Boxer,1,BLB,164
Bat Colony,1,LCI,5
Bear's Companion,1,2X2,182
Bladehold War-Whip,2,ONE,197
Blood Aspirant,1,THB,128
Blood Host,2,M15,87
Bog Naughty,3,ELD,80
Bond of Passion,1,WAR,116
Bronzebeak Moa,3,DGM,60
Burlfist Oak,3,M21,174
Calamitous Cave-In,4,LCI,139
Canopy Crawler,6,LGN,122
Cephalopod Sentry,1,ONE,198
Civilized Scholar // Homicidal Brute,1,ISD,47
Clan Guildmage,2,RNA,162
Covetous Castaway // Ghostly Castigator,2,MID,45
Crested Herdcaller,3,RIX,126
Cunning Breezedancer,1,DTK,215
Curator of Sun's Creation,4,LCI,141
Dark Withering,1,DMR,79
Dawn to Dusk,2,BNG,6
Dazzling Ramparts,6,KTK,6
Demolish,8,9ED,179
Discover the Impossible,3,NEO,50
Dissipate,2,MID,49
Drogskol Shieldmate,1,EMN,22
Dundoolin Weaver,1,ECL,175
Durable Handicraft,1,KLD,153
Duskmantle Prowler,4,M13,91
Eaten by Spiders,3,AVR,177
Elite Scaleguard,3,FRF,12
Ent-Draught Basin,1,LTR,238
Entomber Exarch,1,MM3,68
Essence Scatter,1,FDN,153
Everdream,6,MH1,47
Faith's Fetters,1,J22,181
"Faramir, Field Commander",1,LTR,14
Farm // Market,1,HOU,148
"Fear, Fire, Foes!",1,LTR,125
Feast of Succession,1,CMR,127
Fireball,1,M11,138
Firefly,1,TMP,172
Flame Channeler // Embodiment of Flame,2,MID,141
Flaxen Intruder // Welcome Home,1,ELD,155
Foray of Orcs,3,LTR,417
Forbidden Alchemy,1,AFC,84
Forlorn Pseudamma,1,BNG,71
Foul Emissary,2,EMN,158
Foundry Hornet,1,AER,59
Frenetic Raptor,8,LGN,93
Frillscare Mentor,2,IKO,121
Gird for Battle,1,GRN,12
Glaive of the Guildpact,4,GRN,236
Glimmerpoint Stag,2,EMA,12
Glorious Enforcer,4,MH2,14
Golden Ratio,1,STX,190
Golgari Raiders,2,GRN,130
Goremand,1,M21,101
Grasp of Darkness,3,OGW,85
Halimar Tidecaller,5,BFZ,79
"Hallar, the Firefletcher",2,DOM,196
"Hama Pashar, Ruin Seeker",2,AFR,224
Hamlet Captain,1,EMN,161
Haunter of Nightveil,2,DGM,76
Heavy Arbalest,2,A25,225
Hellhole Flailer,3,RTR,167
Hewed Stone Retainers,1,FRF,161
"Hikari, Twilight Guardian",1,MM2,18
Homicidal Seclusion,1,AVR,108
Homing Lightning,5,GTC,96
Honored Knight-Captain,1,EOE,22
Hungry for More,1,MID,228
Hymn of the Faller,1,EOE,107
Inga Rune-Eyes,1,KHM,304
Interpret the Signs,1,JOU,43
Into the Void,1,AVR,62
Invasion of Belenon // Belenon War Anthem,1,MOM,20
Invasion of Eldraine // Prickle Faeries,2,MOM,113
Janjeet Sentry,5,KLD,53
Joraga Auxiliary,1,OGW,154
Kinetic Augur,1,M21,154
Knight of the Last Breath,3,RNA,188
Linebreaker Baloth,1,DMU,168
"Lord Dregg, Insect Invader",1,TMT,65
Lorescale Coatl,3,A25,207
Mardu Roughrider,3,KTK,187
Markov Purifier,1,VOW,312
Merciless Eternal,1,HOU,71
Meteor Golem,2,C21,250
Mindwhisker,1,BLB,60
Moritte of the Frost,4,KHM,223
Murderer's Axe,1,SOI,259
Mystic Enforcer,1,DMR,192
Myth Realized,2,2X2,22
Nebelgast Herald,2,EMN,71
Nemesis Phoenix,2,CLB,189
Nephalia Smuggler,1,2X2,61
Ogre Siegebreaker,1,M20,215
Oketra's Attendant,2,AKH,22
Orcish Vandal,2,DOM,137
Ordeal of Purphoros,1,THS,131
Overwhelm,3,M15,189
Overwhelm,2,MM2,152
Patron of the Valiant,1,ORI,28
Peace of Mind,1,EMN,36
Pennon Blade,1,CMR,329
Pouncing Shoreshark,1,IKO,64
Psychic Pickpocket,1,SNC,54
Psychic Symbiont,1,2X2,266
Pull Through the Weft,1,EOE,202
Purphoros's Emissary,4,THS,136
Quiet Contemplation,2,KTK,50
"Raff Capashen, Ship's Mage",3,DOM,202
Rain of Thorns,1,AVR,190
Reaper of Flight Moonsilver,2,SOI,36
Regenesis,2,RNA,136
Rimekin Recluse,1,ECL,66
Rise from the Grave,7,M19,117
Rite of Undoing,2,FRF,49
Rix Maadi Guildmage,3,RTR,192
Rolling Temblor,1,ISD,161
Rooting Moloch,1,IKO,133
Rootless Yew,4,KHM,189
Sacred Armory,2,M15,228
Sadistic Obsession,1,MH1,105
Sage of Mysteries,1,THB,62
Salvage Scuttler,4,AER,43
Sandstone Oracle,1,CMR,336
Savage Surge,3,RTR,133
Sawtooth Loon,1,DMR,199
Scrappy Bruiser,4,MOM,162
Self-Reflection,1,LCI,74
Sentinel Totem,1,XLN,245
Seraph of New Capenna // Seraph of New Phyrexia,3,MOM,36
Servant of the Conduit,9,KLD,169
Set Adrift,6,KTK,54
Shadow Stinger,3,ZNR,123
Sharktocrab,1,CMR,450
Shimmerwing Chimera,3,THB,64
Siege Modification,1,PLST,AER-99
Slice and Dice,1,CMM,255
Somberwald Stag,1,EMN,169
Sphinx of the Guildpact,1,RNA,241
Squawkroaster,1,ECL,160
Staff of the Flame Magus,1,M15,233
Storm Fleet Aerialist,3,XLN,83
Storm Fleet Arsonist,3,XLN,162
Storm Fleet Swashbuckler,1,RIX,117
Surgical Suite // Hospital Room,1,DSK,34
Sylvok Battle-Chair,3,ONE,184
Tavern Swindler,9,RTR,79
Tezzeret's Touch,1,AER,138
Thassa's Emissary,6,THS,68
Thorn Elemental,1,DOM,185
Thrill-Kill Assassin,5,RTR,81
Thundering Chariot,1,THB,239
Thunderous Snapper,2,ELD,215
Ticking Gnomes,1,EMA,233
Treasure Keeper,1,A25,235
Trepanation Blade,2,IMA,231
Trickster's Talisman,1,AFR,79
Ultimate Price,4,RTR,82
Umara Mystic,1,ZNR,238
Upriser Renegade,1,NEO,324
Urabrask's Anointer,1,ONE,293
Urbis Protector,1,MM3,27
"Valduk, Keeper of the Flame",1,DOM,148
Vengeful Devil,5,MH1,152
Vengeful Strangler // Strangling Grasp,1,MID,126
Venomous Brutalizer,1,ONE,193
Veteran Motorist,3,KLD,188
Viashino Shanktail,3,GTC,110
Wandering Champion,1,FRF,29
Watcher of the Roost,4,KTK,30
Webspinner Cuff,1,NEO,214
Wild Onslaught,2,DOM,188
Winterflame,7,KTK,213
Wispweaver Angel,5,KLD,35
Yavimaya Iconoclast,1,DMU,190
Zagoth Crystal,1,IKO,242
A Little Chat,1,SNC,47
Agoraphobia,2,GTC,30
Aim High,2,BBD,189
Arena Athlete,3,THS,113
Assassin's Ink,1,NEO,87
Atarka Monument,2,DTK,235
Avacynian Missionaries // Lunarch Inquisitors,1,SOI,6
Badlands Revival,1,OTJ,194
Betrayer's Bargain,1,DSK,126
Black Dragon,1,AFR,90
Blood Mist,2,EMN,119
Bloodfire Enforcers,1,FRF,93
Bloodshot Trainee,1,2XM,119
Bond of Flourishing,1,WAR,155
Boneyard Lurker,2,IKO,178
Born to Drive,2,NEO,6
Borrowed Time,2,MID,6
Bright Reprisal,3,XLN,7
Caparocti Sunborn,1,LCI,226
Celeborn the Wise,2,LTR,156
Chainer's Torment,1,DOM,82
Check for Traps,2,AFR,92
Chilling Grasp,1,EMN,50
Chronicler of Heroes,2,THS,190
Cinder Elemental,3,GTC,87
Clear the Stage,3,RNA,68
Cleaver Riot,1,M13,125
Cloudform,1,FRF,32
Combust,3,MM2,110
Compelling Deterrence,1,SOI,52
Conclave Naturalists,7,ORI,171
Congregation Gryff,1,OTJ,200
Covert Cutpurse // Covetous Geist,2,MID,92
Crocodile of the Crossing,3,AKH,162
Daredevil Dragster,1,AER,149
Dark Betrayal,2,THS,83
Deadly Complication,1,MKM,195
Deathgazer,2,9ED,124
Demolish,1,8ED,183
Devotee of Strength,2,HOU,113
Dragon Egg,2,M19,138
Dual-Sun Technique,1,EOE,13
Dwarven Hammer,4,KHM,133
Emergent Growth,1,XLN,188
Emeria Captain,3,ZNR,11
Emissary of Sunrise,2,PLST,XLN-10
Enchanted Carriage,3,ELD,218
Entrancing Lyre,1,THB,233
Epitaph Golem,2,SOI,254
Everdawn Champion,2,RIX,6
Expand the Sphere,1,ONE,168
Fearless Liberator,3,KHM,135
Fencing Ace,2,CMR,21
Filigree Familiar,5,KLD,212
Flames of the Raze-Boar,2,RNA,101
Flower // Flourish,2,GRN,226
Forbidden Alchemy,1,UMA,56
Forging the Tyrite Sword,2,KHM,211
Foul Play,3,MID,101
Foul-Tongue Invocation,1,DTK,102
Fuss // Bother,1,MKM,248
Galestrike,3,AKH,54
Gargoyle Sentinel,6,M19,236
Gearshift Ace,7,KLD,16
Geist-Fueled Scarecrow,3,EMN,196
Ghastbark Twins,2,M19,181
Ghoulsteed,2,SOI,113
Gift of Compleation,1,MOM,106
Goldnight Redeemer,1,AVR,23
Golem Artisan,1,CMR,311
Gravedigger,1,M19,98
Grim Strider,7,AKH,94
Grima Wormtongue,1,LTR,88
Gutter Skulker // Gutter Shortcut,1,VOW,62
Hada Spy Patrol,1,ROE,71
Harbor Bandit,3,M13,95
Heirloom Mirror // Inherited Fiend,2,MID,105
Hellkite Punisher,3,M21,151
Hidden Stockpile,1,AER,129
Horde Ambusher,6,KTK,110
Horribly Awry,7,BFZ,59
Horses of the Bruinen,2,LTR,55
Illusory Ambusher,2,IMA,58
Improbable Alliance,3,ELD,193
Incorrigible Youths,1,SOI,166
Inspiring Cleric,2,XLN,16
Inspirit,2,9ED,22
Invasion of Moag // Bloomwielder Dryads,1,MOM,237
Invasion of Muraganda // Primordial Plasm,3,MOM,192
Invasion of Regatha // Disciples of the Inferno,1,MOM,148
Juggernaut,2,DOM,222
Juggernaut,1,M15,220
Keensight Mentor,2,IKO,18
Kin-Tree Invocation,1,KTK,183
Kindle the Inner Flame,1,ECL,147
Klothys's Design,1,THB,176
Kor Entanglers,6,BFZ,36
Krakilin,1,TMP,235
Lambholt Raconteur // Lambholt Ravager,1,VOW,167
Loch Dragon,4,ELD,211
Lotus-Eye Mystics,2,FRF,17
Maelstrom Muse,1,STX,202
Mark for Death,1,GTC,99
Mass Production,3,BRO,15
Merciless Javelineer,4,AKH,202
Merfolk Falconer,1,ZNR,69
Meteorite,5,M15,221
Minister of Pain,1,DTK,111
Mistway Spy,1,MKM,65
Monstrous Onslaught,1,CMR,244
Nebelgast Intruder,1,DBL,64
Nemesis Phoenix,1,CLB,403
Nessian Demolok,1,BNG,128
Niko Defies Destiny,4,KHM,226
Norn's Inquisitor,1,MOM,29
Oakhame Ranger // Bring Back,1,ELD,212
Obscura Charm,1,SNC,208
Ominous Sphinx,1,HOU,41
Ongoing Investigation,4,SOI,77
Ordruun Veteran,4,GTC,184
Ore-Scale Guardian,3,MH1,137
Painsmith,1,2XM,102
Paladin of Predation,1,ONE,178
Peak Eruption,5,THS,132
Phthisis,1,TSR,129
Possessed Skaab,1,ORI,215
Practical Research,1,STX,212
Prophetic Bolt,1,2X2,265
Proud Mentor,3,BBD,20
Prying Questions,1,EMN,101
Psychic Symbiont,6,M19,221
Quarry Beetle,2,HOU,127
Rageform,2,FRF,112
Rally for the Throne,1,ELD,25
Rampaging Ceratops,1,LCI,162
Reckless Scholar,1,GNT,23
Relentless Raptor,5,RIX,169
Restless Apparition,1,EVE,94
Righteous Charge,3,GTC,23
Rise from the Grave,1,M11,114
Rockslide Sorcerer,1,ZNR,154
Rod of Ruin,1,5ED,396
Sanctuary Wall,3,MKM,32
Scalestorm Summoner,1,OTJ,144
Seed Guardian,2,OGW,143
Seraph of the Masses,2,M15,32
Shadow Summoning,1,LTR,226
Shire Shirriff,1,LTR,441
Simic Fluxmage,1,GTC,49
Sky Tether,1,RNA,21
Slaughter Singer,1,ONE,216
Snare Thopter,7,KLD,236
Somberwald Alpha,5,ORI,198
Speedway Fanatic,2,KLD,132
Sphinx of New Prahv,5,RNA,208
Spinning Wheel,2,ELD,234
Splicer's Skill,10,MH1,31
Squelching Leeches,1,JOU,84
Staggershock,1,IMA,147
Stangg,6,A25,218
Stew the Coneys,1,LTR,189
Stir the Sands,1,AKH,110
Street Spasm,5,RTR,106
Strength of the Pack,1,CMR,259
Sumala Sentry,1,MKM,233
Sunscape Battlemage,1,DDE,40
Supreme Will,1,HOU,49
Swallowing Plague,1,CHK,146
Swarm of Bloodflies,2,BBD,161
"Syr Elenora, the Discerning",7,ELD,67
Tethmos High Priest,2,JOU,29
Thirst for Knowledge,1,NEO,85
Thornscape Battlemage,1,DDE,42
Thrashing Brontodon,1,LCI,216
"Tiana, Ship's Caretaker",1,DMR,204
Tidal Courier,4,APC,31
Torch Breath,1,SNC,127
Town Gossipmonger // Incited Rabble,1,SOI,46
Trial of Strength,4,AKH,191
Trial of Zeal,5,AKH,152
Triton Cavalry,1,JOU,55
Trostani's Summoner,1,DGM,110
Tuskguard Captain,2,KTK,156
Ugin's Construct,2,FRF,164
Ulamog's Despoiler,1,BFZ,16
Ulcerate,1,M15,119
Undercity Troll,2,ORI,202
Valor in Akros,2,A25,38
"Vhal, Candlekeep Researcher",1,CLB,102
Vigilant Baloth,5,M19,206
Vine Gecko,1,ZNR,219
Visionary Augmenter,3,KLD,34
Voracious Fell Beast,1,LTR,422
Wandering Troubadour,3,AFR,210
Wandermare,5,ELD,204
Warfire Javelineer,2,AKH,155
Warped Researcher,2,LGN,56
Wee Dragonauts,1,GRN,214
Weight of Memory,5,DOM,74
Whirler Virtuoso,4,KLD,190
Woebringer Demon,1,RVR,98
Woodvine Elemental,1,CNS,52
Woolly Thoctar,1,MM3,203
Wrench,1,MKM,37
Yarok's Wavecrasher,1,M20,81
Yew Spirit,4,AVR,207
Zanikev Locust,1,RTR,84
Zenith Seeker,5,AKH,77
Abzan Kin-Guard,1,FRF,120
Adverse Conditions,10,BFZ,54
"Aegar, the Freezing Flame",1,KHM,321
Agatha's Champion,1,WOE,160
Akroan Line Breaker,1,JOU,88
Angelic Quartermaster,2,VOW,2
Armorcraft Judge,4,CMR,218
Asari Captain,1,NEO,215
Azorius Justiciar,4,RVR,6
Baneblade Scoundrel // Baneclaw Marauder,1,MID,85
Baxter Stockman,2,TMT,139
Behold the Unspeakable // Vision of the Unspeakable,2,NEO,48
Belle of the Brawl,3,ELD,78
Betrayal at the Vault,1,OTJ,155
"Bill Ferny, Bree Swindler",1,LTR,42
Bill the Pony,2,LTR,3
Bitter Downfall,1,LTR,77
Blazing Hellhound,1,ORI,210
Blood Feud,1,DKA,83
Blood Hypnotist,2,VOW,145
Bloodfray Giant,4,RTR,89
Bouncer's Beatdown,2,SNC,135
Bramblecrush,1,ISD,172
Burden of Proof,1,MKM,42
Burn Away,9,KTK,104
Cached Defenses,3,FRF,126
Captivating Gyre,2,M20,51
Civic Saber,2,RVR,254
Clash of Titans,5,IKO,111
Cloaked Cadet,1,VOW,192
Corpse Traders,2,AVR,90
Crew Captain,1,SNC,303
Culvert Ambusher,2,MKM,158
Deadly Wanderings,4,DTK,94
Deathless Behemoth,5,BFZ,5
Deem Worthy,2,AKH,127
Descendant of Masumaro,1,SOK,126
Diver Skaab,3,VOW,56
Diviner's Lockbox,2,M20,225
Dragon Grip,2,KTK,107
Dreamshaper Shaman,1,2X2,108
Dreg Mangler,1,RTR,158
Dromoka's Gift,3,DTK,184
Drunau Corpse Trawler,1,SOI,57
Dune Diviner,2,HOU,114
Enlarge,1,IMA,162
Enraged Giant,1,AER,80
Epic Downfall,3,ELD,85
Exotic Disease,1,PLS,43
Favored of Iroas,3,THB,15
Fearless Fledgling,1,ZNR,15
Flames of the Firebrand,1,M13,132
Furnace Whelp,1,M13,133
Ghostblade Eidolon,2,BNG,12
Glare of Heresy,7,THS,15
Glimpse of Freedom,1,THB,50
Glorifier of Dusk,2,XLN,12
Gloryscale Viashino,1,2X2,219
Goblin Commando,1,JMP,325
Goblin Test Pilot,2,DGM,74
Gravedigger,6,AKH,93
Gravetiller Wurm,1,DKA,116
Groundskeeper,1,SOI,208
Gustcloak Sentinel,2,ONS,37
Havoc Sower,1,OGW,71
Hellkite Whelp,1,GRN,106
Herdchaser Dragon,2,DTK,190
Hurler Cyclops,2,DMU,130
Icy Manipulator,3,DOM,219
Ihsan's Shade,1,A25,94
Incendiary Sabotage,4,KLD,119
Infestation Expert // Infested Werewolf,1,VOW,206
Invasion of Lorwyn // Winnowing Forces,2,MOM,236
Invasion of Ulgrotha // Grandmother Ravi Sengir,2,MOM,116
Invigorating Boon,1,DMR,164
It Doesn't Add Up,1,MKM,89
Jace's Triumph,1,WAR,55
Jeskai Elder,3,KTK,43
Jetting Glasskite,3,EMA,58
Joust,10,ELD,129
Kolaghan Monument,3,IMA,217
Krasis Incubation,1,DGM,79
Lightform,3,C18,68
Lightform,3,FRF,16
Lightning Strike,1,XLN,149
Liliana's Defeat,2,HOU,68
Limits of Solidarity,3,AKH,140
Living Conundrum,1,MKM,63
Magmatic Sprinter,2,ONE,140
Magmaw,1,UMA,138
Marauding Sphinx,1,OTJ,56
Marrow Bats,1,AVR,113
Meriadoc Brandybuck,1,LTR,177
Millstone,1,M19,242
Momentum Rumbler,1,IKO,126
Monstrous Onslaught,1,AER,116
Monstrous Step,1,IKO,166
Murasa Sproutling,3,ZNR,196
Mysterious Pathlighter,6,ELD,22
Necrogen Scudder,1,M15,106
Nim Grotesque,1,5DN,56
Noxious Dragon,2,FRF,77
Null Caller,1,CMR,140
Oakshade Stalker // Moonlit Ambusher,2,VOW,212
Oblivious Bookworm,1,DSK,225
Onward // Victory,2,AKH,218
Ooze Spill,1,TMT,48
Ovalchase Dragster,5,KLD,225
Overcome,1,M20,186
Patron of the Valiant,1,CMR,37
Pheres-Band Brawler,3,THB,193
Phyrexian Gargantua,1,MOM,121
Phyrexian Scuta,1,DMR,100
Pine Walker,3,KTK,143
Power of Persuasion,1,AFR,67
Processor Assault,12,BFZ,132
Puppeteer,2,8ED,94
Purifying Dragon,1,MID,155
Qal Sisma Behemoth,1,DTK,149
Rakshasa Gravecaller,1,DTK,114
Ramosian Greatsword,1,MOM,159
Ravager's Mace,1,ZNR,235
Redrock Sentinel,1,OTJ,247
Render Inert,2,MOM,123
Returned Pastcaller,1,STX,224
Revenant,1,ORI,117
Rise from the Grave,1,ZNC,53
Roar of the Wurm,1,EMA,182
Roaring Primadox,1,M13,188
Rod of Ruin,2,8ED,312
Runaway Carriage,2,SOI,261
Salt Road Quartermasters,4,DTK,199
Scion of Ugin,1,DTK,1
Second Guess,2,AVR,74
Selesnya Keyrune,3,RTR,233
Sentry of the Underworld,2,THS,202
Serum-Core Chimera,1,ONE,215
Shambling Remains,1,CON,124
Shiv's Embrace,1,M11,156
Shrewd Negotiation,4,KLD,64
Sift,1,M19,72
Silverstrike,2,SOI,37
Sinister Monolith,1,BLB,113
Sinuous Benthisaur,1,LCI,76
Siren Song Lyre,1,BNG,161
Sky-Blessed Samurai,2,NEO,314
Skyspear Cavalry,1,JOU,26
Slayer's Cleaver,2,EMN,198
Sleek Schooner,2,XLN,247
Smog Elemental,2,GTC,79
Soul Net,1,5ED,400
Spinning Wheel Kick,1,NEO,207
Staff of the Mind Magus,2,M15,234
Stonewright,1,AVR,157
"Strider, Ranger of the North",2,LTR,232
Sudden Reclamation,2,FRF,139
Susurian Dirgecraft,1,EOE,117
Swirling Torrent,7,RNA,56
Tempered Veteran,1,M21,41
Temur Charger,2,KTK,153
Thoughtweft Charge,1,ECL,198
Tide Drifter,3,BFZ,67
Tiger-Tribe Hunter,1,AFR,163
Tiller of Flesh,2,MOM,44
Tormented Thoughts,4,ORI,122
Travel Preparations,2,2X2,162
Trusty Companion,4,KLD,33
Ulamog's Reclaimer,4,BFZ,68
Ulvenwald Mysteries,1,SOI,236
Unravel,1,EOE,83
Valiant Changeling,4,MH1,34
Veteran Adventurer,4,ZNR,218
Vile Aggregate,3,BFZ,137
Vow of Wildness,1,CMR,262
Wanted Scoundrels,1,XLN,131
Warden of the Beyond,3,M15,42
Wardscale Dragon,7,FRF,30
Weapons Trainer,4,OGW,160
Weaver of Lightning,1,EMN,149
Wedding Security,1,VOW,299
Whirlermaker,6,KLD,239
Whispering Wizard,1,VOW,88
Wick's Patrol,1,BLB,121
Acquisitions Expert,2,ZNR,89
Aetherborn Marauder,4,KLD,71
Appeal // Authority,1,HOU,152
Arborback Stomper,6,KLD,142
Arcanist's Owl,1,ELD,206
Archon of Falling Stars,1,THB,2
Archweaver,2,RTR,114
Ardent Militia,6,8ED,3
Balduvian Atrocity,1,DMU,79
Bane Alley Broker,3,GTC,145
Battle-Rattle Shaman,5,M21,130
Battlefield Scavenger,7,AKH,118
Bazaar Krovod,4,RTR,7
Blade-Blizzard Kitsune,3,NEO,5
Bloodtithe Collector,2,MID,90
Brushstrider,4,RTR,117
Burly Breaker // Dire-Strain Demolisher,2,MID,174
"Butterbur, Bree Innkeeper",2,LTR,197
Carnage Gladiator,1,MM3,155
Carrier Thrall,5,BFZ,106
Cherished Hatchling,2,RIX,124
Circle of Confinement,1,VOW,7
Clear Shot,1,EMN,152
Clear Shot,2,MID,176
Clockwork Servant,1,ELD,216
Cone of Flame,3,JVC,54
Contested Game Ball,2,LCI,251
Coordinated Clobbering,1,DSK,173
Coral Colony,1,DMU,45
Covert Technician,1,NEO,49
Dauntless Onslaught,3,THS,6
Dawnhart Wardens,1,MID,308
Death Wind,1,DTK,95
Deathless Knight,2,ELD,208
Djinn of the Fountain,3,DMU,47
Dodecapod,1,DMR,220
Domestication,2,2X2,47
Dragon Whelp,1,DMU,120
Driftgloom Coyote,1,BLB,11
Dromoka Monument,2,DTK,238
Duelcraft Trainer,2,MID,16
Dusk Feaster,1,EMN,88
Dutiful Griffin,1,WOE,11
Eclipsed Flamekin,1,ECL,219
Elite Headhunter,2,ELD,209
Elvish Hydromancer,3,DMU,162
Embraal Bruiser,3,KLD,79
Enduring Scalelord,1,BBD,221
Engineered Might,5,KLD,181
Enthralling Victor,6,A25,129
Erebos's Emissary,6,THS,86
Evolving Adaptive,1,ONE,167
Faith's Fetters,1,EMA,10
Fallaji Dragon Engine,1,BRO,159
Fangblade Brigand // Fangblade Eviscerator,1,MID,292
Fencing Ace,1,2XM,15
Fiery Finish,6,M19,140
Fireborn Knight,4,ELD,210
Fleeting Aven,2,ONS,83
Flunk,1,STX,71
Frost Walker,1,FRF,35
Gang of Devils,2,CN2,158
Gavony Dawnguard,2,MID,20
Geological Appraiser,2,LCI,150
Ghirapur Guide,4,KLD,156
Ghostblade Eidolon,1,C15,70
Gnottvold Hermit // Chrome Host Hulk,1,MOM,188
Goldenhide Ox,2,JOU,125
Gravedigger,2,M20,103
Hagra Sharpshooter,4,BFZ,113
Harsh Scrutiny,1,KLD,85
Harvester Troll,3,OGW,133
Haunting Hymn,2,IMA,93
Hermitic Nautilus,1,LCI,58
Highspire Mantis,7,KTK,177
Hungry Flames,1,AER,84
Hydrolash,3,GNT,22
Hydrolash,1,ORI,59
Illusionary Armor,1,M14,59
Iron League Steed,7,KLD,219
Jorubai Murk Lurker,1,M15,65
Keen-Eared Sentry,2,AFR,22
Keldon Champion,1,EMA,135
Kheru Bloodsucker,8,KTK,75
Kinjalli's Dawnrunner,3,LCI,19
Kitesail,3,M13,208
Kraken's Eye,2,9ED,302
Kraul Swarm,1,GRN,73
"Kwende, Pride of Femeref",1,DOM,25
Labyrinth Guardian,5,AKH,60
Lashwhip Predator,1,EOE,195
Lullmage's Familiar,1,ZNR,227
Magma Pummeler,1,VOW,169
Make Your Own Luck,2,OTJ,218
Malicious Malfunction,1,NEO,110
Markov Waltzer,1,VOW,242
Meddling Youths,1,MKM,367
Merciless Repurposing,3,MOM,117
Mistfire Adept,3,FRF,42
Mossbeard Ancient,2,DMU,173
Murasa Rootgrazer,2,ZNR,229
Mystic Subdual,1,IKO,57
Nightfire Giant,2,M15,109
Nimraiser Paladin,1,ONE,101
Noble Banneret,3,CN2,17
Odric's Outrider,1,MID,29
Panicked Bystander // Cackling Culprit,1,VOW,28
Paranoid Parish-Blade,5,SOI,33
Parasitic Grasp,3,VOW,123
Pardic Arsonist,2,TOR,105
Phyrexian Hulk,2,M13,209
Porcelain Zealot,3,ONE,30
Protection of the Hekma,4,AKH,23
Public Execution,1,CN2,145
Rakdos Ringleader,1,RTR,186
Rampaging Geoderm,1,MOM,251
Ramroller,3,ORI,237
Recoil,1,DMR,197
Reconstructed Thopter,1,BRO,242
Resistance Squad,1,VOW,32
Revive,1,8ED,276
Rhox War Monk,3,MM3,180
Riddleform,1,HOU,43
Rise from the Tides,1,CMM,117
Rise of the Ants,2,MID,196
Risen Sanctuary,3,RTR,190
Rod of Ruin,1,6ED,309
Rod of Ruin,2,9ED,307
"Safana, Calimport Cutthroat",2,CLB,390
Sanctuary Raptor,3,MH2,233
Sanguine Statuette,1,VOW,177
Savior of the Small,1,DSK,27
Sea God's Revenge,8,THS,61
Security Blockade,2,RTR,20
Seismic Elemental,3,ORI,161
Seismic Rupture,1,DTK,156
Seismic Wave,1,NEO,161
Selective Snare,2,GRN,53
Serra Angel,2,IMA,30
Shapers of Nature,1,XLN,228
Shield of the Realm,3,DOM,228
"Shredder, Unrelenting",1,TMT,74
Siege Striker,1,M21,37
Skilled Animator,3,CMR,98
Skyclave Pick-Axe,2,ZNR,204
Skyraker Giant,2,ORI,162
Skyrider Patrol,6,M19,224
Slice in Twain,4,XLN,207
Smelt-Ward Ignus,4,RNA,116
Snow Day,1,STX,53
Sorcerer's Broom,4,ELD,232
Specter's Shriek,2,ELD,106
Spiteful Returned,1,BNG,84
Split the Party,1,AFR,76
Staggershock,1,2X2,125
Storm Skreelix,2,MID,243
Stormcrag Elemental,1,DTK,158
Sudden Impact,2,9ED,222
Surreal Memoir,2,IMA,148
Tattered Ratter,1,WOE,152
Taunting Arbormage,2,ZNR,212
Territorial Maro,2,DMU,184
Thrashing Mudspawn,6,ONS,177
Thunder Brute,2,BNG,113
Totem-Guide Hartebeest,3,ORI,37
Trial of Knowledge,2,AKH,73
"Tura Kennerud, Skyknight",1,DMU,224
Turn into a Pumpkin,3,ELD,69
Twisted Reflection,13,MH1,74
Ukud Cobra,1,DTK,123
Ulamog's Nullifier,13,BFZ,207
Uncaged Fury,2,M20,163
Undercity Necrolisk,1,GRN,87
Unified Front,10,BFZ,53
Void Grafter,3,OGW,150
Vow of Duty,1,CMR,54
Wandering Mind,1,VOW,251
When We Were Young,2,NEO,43
Whispering Snitch,1,GRN,90
Wild-Field Scarecrow,1,SOI,269
Xerex Strobe-Knight,2,MOM,85
Zhalfirin Decoy,7,MH1,39
Aberrant Mind Sorcerer,3,AFR,44
Aethermage's Touch,2,2X2,167
Alpine Houndmaster,3,M21,215
Annihilate,2,EMA,79
Anvilwrought Raptor,3,THS,211
Ardent Militia,1,6ED,3
Armament Corps,9,KTK,165
Arrest,3,RTR,3
Baneblade Scoundrel // Baneclaw Marauder,1,MID,289
Battlewing Mystic,5,DMU,43
Blinding Spray,7,KTK,32
Bloodmist Infiltrator,2,RNA,65
Bloodsky Berserker,1,KHM,80
Boarded Window,2,VOW,253
Bortuk Bonerattle,1,DMU,197
Brazen Scourge,7,KLD,107
Carrion Wall,4,8ED,121
Caught in the Crossfire,1,OTJ,117
Caustic Tar,3,A25,81
Centaur Battlemaster,2,THS,154
Charge of the Forever-Beast,1,IKO,147
Clamor Shaman,3,RNA,96
Clandestine Meddler,1,MKM,82
Colossadactyl,1,LCI,180
Consul's Shieldguard,3,KLD,11
Corpse Appraiser,1,SNC,302
Crystalline Nautilus,1,JOU,34
Cudgel Troll,2,M10,174
Cutthroat Maneuver,5,THS,82
Daggerclaw Imp,1,MM2,74
Dark Nourishment,3,XLN,97
Dawnhart Wardens,2,MID,216
Defend the Celestus,1,MID,182
Deft Dismissal,1,AER,17
Devoted Grafkeeper // Departed Soulkeeper,3,MID,218
Divine Gambit,2,KHM,8
Dragonloft Idol,2,IMA,215
Drooling Groodion,2,DDM,65
Druid of Horns,2,M19,176
Dual-Sun Adepts,1,EOE,12
Elaborate Firecannon,3,XLN,237
Elegant Edgecrafters,4,KLD,154
Elite Scaleguard,1,ZNC,14
Essence Extraction,2,KLD,80
Execute,4,9ED,128
Eyes Everywhere,2,RNA,38
Fall of the Gavel,5,RTR,161
Flame-Kin Zealot,1,EMA,201
Flight of Equenauts,3,GRN,11
Furyblade Vampire,2,EMN,128
Galvanic Juggernaut,1,ISD,222
Gang of Devils,2,AVR,136
"General Traag, Heart of Stone",1,TMT,90
Genghis Frog,1,TMT,148
Gloomwidow,2,AVR,180
Great Teacher's Decree,2,DTK,21
Great Teacher's Decree,1,IMA,21
Grim Captain's Call,2,XLN,108
Grip of Desolation,5,BFZ,94
Grove Rumbler,9,BFZ,211
Hackrobat,3,RNA,181
Hamlet Captain,5,ISD,187
Harrowing Journey,1,DKA,67
Haunted Screen,1,DSK,250
Hedge Whisperer,1,MKM,165
Hero of the Winds,1,THB,23
Howling Galefang,1,WOE,175
Humble the Brute,1,SOI,23
Hunting Pack,1,MH2,284e
Hurl into History,1,LCI,59
Hurloon Battle Hymn,1,DMU,131
Infuse with the Elements,6,BFZ,175
Into the Void,3,M15,60
Intrepid Outlander,3,AFR,191
Joyful Stormsculptor,4,MOM,243
Kaleidoscorch,1,MH2,133
Karona's Zealot,2,A25,18
Kuldotha Flamefiend,1,MBS,69
"Landroval, Horizon Witness",1,LTR,21
Maalfeld Twins,2,AVR,112
Mad Prophet,2,SOI,171
Manticore Eternal,5,HOU,103
Mardu Heart-Piercer,7,KTK,116
Maverick Thopterist,5,AER,130
Memorial Team Leader,1,EOE,144
Mindeye Drake,4,GTC,43
Mistform Shrieker,4,ONS,96
Murasa Ranger,8,BFZ,178
Murder of Crows,5,A25,66
Mutagen Connoisseur,3,MOM,248
Nantuko Cultivator,3,MH1,173
Nebelgast Intruder,1,MID,64
Necromancer's Familiar,1,MH2,94
Needletooth Pack,1,FDN,108
Nylea's Emissary,6,THS,168
Pestilent Haze,1,M21,118
Phantom Warrior,1,10E,96
Porcuparrot,1,IKO,128
Primal Clay,4,M13,210
Provoke the Trolls,4,KHM,144
Public Execution,1,M13,105
Pugnacious Pugilist,1,SNC,117
"Quickbeam, Upstart Ent",1,LTR,183
Ravenous Bloodseeker,4,SOI,175
Ravenous Necrotitan,2,ONE,106
Raving Visionary,1,MH2,56
Relentless Hunter,5,OGW,158
Resolute Rider,3,ELD,214
Resplendent Griffin,3,RIX,170
Restoration Gearsmith,7,KLD,185
Ritual of Hope,4,MID,31
River Hoopoe,1,2X2,269
Seek the Horizon,6,KTK,150
Selfless Samurai,2,NEO,35
Serra Angel,4,DOM,33
Shadowstorm Vizier,1,AKH,206
Shrewd Storyteller,1,DSK,232
Skaab Goliath,2,ORI,74
Skirsdag Cultist,1,ISD,163
Skyclave Geopede,1,ZNR,301
Skywhaler's Shot,1,KLD,29
Stormcaller of Keranos,2,BNG,112
Sultai Flayer,4,IMA,186
Sultai Flayer,6,KTK,152
Sultai Soothsayer,1,2X2,279
Sultai Soothsayer,2,KTK,205
Surreal Memoir,1,2X2,127
Sword Dancer,2,8ED,53
Tanglebloom,2,9ED,311
Thoughtflare,3,RTR,203
Topan Freeblade,1,IMA,37
Tower Gargoyle,1,2X2,288
Watchful Blisterzoa,1,ONE,78
Will of the All-Hunter,7,IKO,38
Willbender,2,A25,78
Wing Shards,8,MH1,38
Woodborn Behemoth,1,M14,203
"Yargle, Glutton of Urborg",1,DOM,113
Zhur-Taa Goblin,1,RNA,215
Air Elemental,4,XLN,45
Allied Assault,1,ZNR,1
Ambulatory Edifice,1,ONE,79
Angler Drake,2,AKH,41
Anointer of Champions,5,ORI,3
Arboretum Elemental,2,GRN,122
Assassin's Strike,5,RTR,57
Awakened Awareness,1,NEO,47
Battershield Warrior,3,KHM,2
Belligerent of the Ball,2,WOE,120
Careless Celebrant,2,THB,129
Cartographer's Survey,1,VOW,190
Case File Auditor,1,MKM,7
Centaur Battlemaster,1,2X2,140
Clear Shot,1,J25,645
Cleaving Skyrider,1,DMU,12
Coalition Skyknight,4,DMU,14
Council of Echoes,1,LCI,51
Crew Captain,1,SNC,180
Cunning Coyote,1,OTJ,118
Cyclone Sire,1,OGW,54
Dark Revenant,1,RTR,61
Dawnhart Mentor,1,MID,179
Digsite Conservator,2,LCI,252
Dissension in the Ranks,1,SOI,152
Dragon Whelp,1,DMR,116
Dragon's Eye Savants,3,KTK,38
Dungeon Crawler,3,AFR,99
Eomer of the Riddermark,1,LTR,121
Farbog Boneflinger,1,CN2,134
Fervent Paincaster,4,HOU,91
Fighting Drake,8,8ED,77
Firemantle Mage,5,BFZ,145
Flamecast Wheel,2,THS,215
Fretwork Colony,2,KLD,83
Frostfist Strider,1,DMU,51
Gargoyle Sentinel,3,M15,216
Ghirapur Guide,15,M19,182
Goblin Dirigible,1,MRD,177
Gold-Forged Sentinel,3,ORI,226
Heliod's Emissary,4,THS,18
Herbology Instructor // Malady Invoker,1,MOM,189
Horizon Scholar,5,THS,51
Impending Doom,1,THB,139
Incremental Growth,9,KTK,138
Inferno Jet,1,HOU,99
Inga Rune-Eyes,1,CMM,100
Ironclad Revolutionary,3,AER,65
Jade Seedstones // Jadeheart Attendant,1,LCI,195
Lantern Spirit,1,ISD,62
Legion Guildmage,1,GRN,187
Loyal Gryff,2,MID,26
Magmaroth,1,HOU,102
Mahamoti Djinn,2,IMA,64
Malevolent Whispers,1,SOI,173
Maulfist Revolutionary,3,AER,115
Might of the Ancestors,1,LCI,23
Mischief and Mayhem,1,BNG,126
Morkrut Banshee,1,2XM,99
Morkrut Banshee,1,ISD,110
Nearheath Chaplain,1,SOI,29
Nezumi Freewheeler // Hideous Fleshwheeler,2,MOM,119
Nissa's Defeat,1,HOU,123
Noxious Dragon,1,CMR,139
Ouphe Vandals,1,5DN,90
Paired Tactician,4,ZNR,31
Patagia Golem,8,8ED,308
Pilgrim's Eye,2,BFZ,226
Pulsar Squadron Ace,1,EOE,28
"Raff, Weatherlight Stalwart",1,MUL,56
Rakdos Firewheeler,3,RNA,197
Rakdos Ragemutt,4,RTR,185
Rally Maneuver,2,AFR,36
Rampart Smasher,3,ELD,213
Reaver Ambush,3,RIX,83
Relief Captain,2,OGW,32
Rending Flame,2,VOW,175
Rising Miasma,9,BFZ,122
Riverwheel Aerialists,4,KTK,51
Roiling Waters,4,OGW,62
Ruination Rioter,5,MH1,213
Runaway Trash-Bot,1,NEO,257
Scale Blessing,1,2X2,27
Scaled Behemoth,8,CMR,251
Scour the Desert,3,MH2,28
Security Rhox,1,SNC,220
Sentinel of the Pearl Trident,4,DOM,65
Serra Angel,1,DMR,25
Shalai's Acolyte,2,DMU,33
Shinechaser,9,ELD,201
Shoal Kraken,1,THB,65
Skaab Goliath,2,ISD,76
Skaab Wrangler,3,MID,75
Skitterskin,6,BFZ,97
Sky Tether,1,JMP,133
Skyclave Aerialist // Skyclave Invader,2,MOM,78
Slab Hammer,2,BFZ,227
Slayer of the Wicked,1,ISD,32
Sorcerous Spyglass,1,LCI,261
Soulsworn Spirit,3,RTR,51
Springmantle Cleric,1,ZNR,205
Stern Mentor,1,AVR,77
Street Riot,2,GRN,117
Street Sweeper,2,RTR,234
Streetwise Negotiator,3,MOM,207
Succumb to the Cold,1,WOE,72
Sudden Insight,1,AFR,77
Swarm Guildmage,2,GRN,201
Swift Warden,3,RIX,146
Three Bowls of Porridge,1,WOE,253
Thundering Djinn,1,MH1,215
Trueheart Twins,2,AKH,153
Turn Against,7,BFZ,135
Undercity Troll,3,IMA,188
Vaultguard Trooper,1,EOE,166
War-Name Aspirant,7,KTK,126
Warden of the Eye,7,KTK,212
Air Elemental,1,M20,44
Akoum Stonewaker,7,BFZ,140
Altar of the Lost,1,DKA,144
Apostle of Invasion,1,ONE,3
Aquus Steed,3,RTR,29
"Ash, Party Crasher",1,WOE,201
Bladed Ambassador,1,ONE,285
Blazing Hellhound,1,2X2,183
Bolrac-Clan Crusher,3,RNA,159
Brawl-Bash Ogre,7,M19,213
Burning-Yard Trainer,3,ELD,117
Calciderm,3,TSR,11
Cinderslash Ravager,2,ONE,200
Cone of Flame,1,M15,137
Cruel Revival,1,ORI,88
Dampening Pulse,7,BFZ,75
Deserter's Quarters,1,JOU,160
Dimir Guildmage,1,RVR,178
Draugr's Helm,2,KHM,88
Easy Prey,2,IKO,87
Elven Bow,1,KHM,166
Enemy of Enlightenment,2,THB,92
Eternity Snare,2,BNG,37
Experimental Aviator,5,KLD,46
Faith's Fetters,1,CMR,20
Fires of Victory,1,DMU,123
Firmament Sage,2,MID,53
Flamespeaker Adept,5,THS,123
Fluxcharger,1,DGM,71
Furious Reprisal,5,KLD,115
Futurist Operative,2,NEO,53
Gargantuan Leech,1,LCI,107
Goblin Banneret,1,2X2,110
Gruesome Scourger,3,M20,104
Harried Artisan // Phyrexian Skyflayer,1,MOM,143
Hazardous Conditions,2,KLD,182
Hungering Yeti,2,FRF,105
Inga Rune-Eyes,2,KHM,64
Inner Struggle,4,SOI,167
Into the Void,1,CN2,112
Kor Dirge,1,TSR,120
Lunar Rejection,2,VOW,67
Lurking Roper,1,AFR,194
Mausoleum Turnkey,1,RVR,84
Mirror-Shield Hoplite,2,MOM,247
Mischievous Pup,1,LCI,25
Phantom Carriage,3,MID,70
Plated Onslaught,1,ONE,29
Pyrotechnics,3,FRF,111
Relic Axe,1,ZNR,248
Ripscale Predator,3,GTC,103
Roil's Retribution,10,BFZ,45
Runed Servitor,1,ORI,238
Satyr Piper,2,THS,175
Scab-Clan Giant,1,2X2,272
Scuttling Butler,1,SNC,244
Skyline Predator,4,RTR,50
Skyship Buccaneer,2,FDN,50
Solemn Offering,3,BBD,107
Soul Ransom,1,MM3,186
Spirit of the Spires,2,RNA,23
Sun-Blessed Guardian // Furnace-Blessed Conqueror,5,MOM,38
Sunfire Balm,2,ONS,56
Take Up Arms,1,KTK,26
Throwing Knife,4,ORI,241
Timely Hordemate,5,KTK,27
Trumpet Blast,1,BBD,186
"Uchbenbak, the Great Mistake",1,LCI,242
Vengeful Rebirth,1,MM2,188
Veteran Cathar,4,SOI,238
Vivisection Evangelist,2,ONE,220
Watchful Naga,3,AKH,193
Waterwhirl,4,KTK,60
Weldfast Engineer,2,AER,139
Windborne Charge,2,CN2,100
Bellowing Saddlebrute,6,KTK,64
Brown Ouphe,1,MRD,115
Case of the Burning Masks,1,MKM,113
Coastal Discovery,7,BFZ,73
Consecrated by Blood,1,ORI,87
Decorated Griffin,3,THS,7
Diplomacy of the Wastes,2,FRF,67
Duskmourn's Domination,1,DSK,50
Encase in Ice,3,DTK,54
Ertai's Scorn,1,DMU,48
Fallaji Excavation,1,BRO,178
Flame Discharge,2,NEO,142
Flame Spill,3,IKO,117
Font of Progress,1,ONE,51
Frenzied Raider,3,KHM,137
Geist of the Moors,1,M15,13
Goldfury Strider,1,LCI,152
Gravebane Zombie,1,6ED,133
Heavyweight Demolisher,1,BRO,160
Historian's Wisdom,5,NEO,192
Horizon Scholar,9,M19,59
Jace's Ingenuity,2,M15,63
Jeskai Elder,2,M21,53
Jungle Creeper,2,RIX,161
Mardu Blazebringer,3,KTK,115
Necrosquito,2,ONE,100
Nissa's Judgment,1,OGW,139
Prison Realm,1,WAR,26
Pyroconvergence,2,RTR,103
Roil Spout,5,BFZ,219
Rumbling Ruin,2,RNA,112
Sanctum Spirit,1,DOM,30
Scion of Glaciers,4,KTK,53
Sea Spirit,1,5ED,119
Serra Angel,1,EMA,28
Silent Dart,1,GRN,241
Stoneshock Giant,6,THS,142
Storm Fleet Spy,5,XLN,84
Vanguard of the Rose,2,LCI,42
Vanquish the Foul,2,THS,35
Venerable Lammasu,11,KTK,28
Wall of Spears,2,8ED,320
War Oracle,3,ORI,41
Windrider Patrol,4,BFZ,89
Witness of the Ages,2,KTK,228
Zhalfirin Lancer,2,MOM,45
Prodigal Sorcerer,1,5ED,112
Mind Stone,1,WTH,153
Tolarian Winds,1,7ED,105
Cragflame Token,1,TBLB,26
Reverent Silence,1,NEM,111
Primal Growth,1,PLS,87
Firebreathing,1,5ED,228
Heliod's Pilgrim,1,THB,20
Shepherd of Rot,2,ONS,168
Coffin Purge,8,ODY,124
Flame Rift,2,NEM,80
Mob Justice,1,STH,90
Nightscape Familiar,1,PLS,48
Blastoderm,4,NEM,102
Thornscape Familiar,1,PLS,95
Accelerate,4,TOR,90
Grizzly Bears,1,5ED,301
Watertrap Weaver,1,XLN,87
Aboshan's Desire,2,ODY,59
Pygmy Kavu,4,PLS,88
Enslaved Dwarf,4,TOR,96
Introduction to Annihilation,1,STX,3
Serene Heart,1,MIR,242
Funeral Pyre,2,JUD,10
Guilty Conscience,4,SCG,17
Llanowar Elves,1,6ED,239
Spore Frog,1,PCY,126
Swirling Sandstorm,8,JUD,102
Thirst for Meaning,1,THB,354
Frog Tongue,2,TMP,228
Kaervek's Torch,1,MIR,185
Whirlpool Rider,3,APC,35
Disenchant,1,5ED,26
Dwarven Grunt,2,ODY,185
Shock,4,STH,98
Renewed Faith,4,ONS,50
Dwarven Berserker,1,WTH,97
Seal of Strength,4,NEM,115
Tree Monkey,4,9ED,275
Divination,1,BNG,36
Depressurize,1,EOE,95
Chatter of the Squirrel,2,ODY,233
Plated Rootwalla,2,BRB,52
Rites of Initiation,2,ODY,217
Bite Down,1,DMU,155
Dwarven Scorcher,2,JUD,86
Lab Rats,1,STH,61
Llanowar Elves,1,5ED,313
Prizefight,1,SNC,154
Reef Shaman,4,APC,29
Restless Dreams,2,TOR,79
Soul Barrier,1,5ED,125
Celestial Unicorn,1,AFR,301
Druid Lyrist,4,ODY,238
Firebolt,2,ODY,193
Goblin Sledder,2,ONS,209
Liberated Dwarf,2,JUD,95
Rampant Growth,1,TMP,245
Vex,1,DST,36
Ambush Party,1,HML,63b
Dirge of Dread,1,A25,86
Exclude,1,INV,56
Giant Growth,4,7ED,248
Keldon Mantle,1,PLS,65
Scattershot,2,SCG,102
Thicket Crasher,1,M20,196
Tundra Kavu,2,APC,71
Unburden,8,SCG,77
Imagecrafter,8,ONS,87
Respite,2,TMP,249
Rogue Elephant,1,WTH,139
Seething Anger,1,STH,96
Skittering Horror,2,BTD,30
Tormod's Cryptkeeper,1,MH2,239
Yavimaya Wurm,2,BTD,66
Circle of Protection: Red,1,TMP,11
Dragon Breath,8,SCG,86
Orim's Thunder,1,APC,15
Outlaw Medic,1,OTJ,23
Sewer-veillance Cam,1,TMT,53
Capashen Unicorn,1,INV,10
Circle of Protection: Blue,1,ICE,13
Circle of Protection: White,1,ICE,16
Honorable Scout,1,PLS,8
Mage's Guile,2,ONS,91
Mark of Mutiny,1,IMA,139
Prodigal Sorcerer,1,7ED,94
Search Party Captain,1,MID,32
Solidarity,4,8ED,46
Taunting Elf,1,UDS,122
Academy Journeymage,1,DOM,41
Bronze Sword,1,THB,232
Fire Whip,1,WTH,100
Flash of Defiance,8,TOR,99
Foot Mystic,1,TMT,63
Jhessian Thief,1,IMA,61
Llanowar Druid,2,WTH,133
Anaba Bodyguard,1,HML,66a
Angelic Wall,2,ODY,3
Bandage,1,STH,1
Daru Spiritualist,4,SCG,5
Elusive Spellfist,1,IMA,54
Goblin Grappler,2,LGN,100
Hardy Veteran,1,RIX,132
Incinerate,1,5ED,242
Kindly Ancestor // Ancestor's Embrace,1,VOW,22
Melded Moxite,1,EOE,143
Shimmering Wings,1,INV,72
Spitfire Lagac,1,FDN,208
Thalakos Mistfolk,1,TMP,93
Troubled Healer,1,PCY,27
Voidmage Apprentice,4,LGN,54
Beamsaw Prospector,1,EOE,89
Biblioplex Assistant,1,STX,251
Cannibalize,2,STH,53
Etali's Favor,1,LCI,149
Farhaven Elf,1,CMR,225
Galvanic Relay,1,MH2,127
Giant Strength,2,5ED,233
Haunted Cadaver,8,ONS,154
Howling Golem,1,CMR,316
Moonglove Extract,1,IMA,222
Quirion Trailblazer,2,INV,205
Seize the Secrets,1,OTJ,64
Taunting Elf,6,ONS,290
They Went This Way,1,MKM,178
Apathy,1,WTH,33
Bala Ged Scorpion,1,IMA,79
Disenchant,1,A25,12
Lay Waste,6,ONS,216
Mind Rot,8,8ED,144
Mistform Mask,2,ONS,94
Riptide Biologist,2,ONS,106
Unsummon,1,5ED,132
Urn of Godfire,1,MOM,266
Wild Might,1,PCY,134
Airborne Aid,2,ONS,62
Beast-Kin Ranger,1,FDN,100
Coral Net,2,TOR,35
Daru Lancer,8,ONS,20
Glidedive Duo,2,BLB,96
Goblin Digging Team,4,7ED,186
Hobble,2,PLS,7
Krosan Tusker,2,ONS,272
Latulla's Orders,1,PCY,96
"Leonardo, Big Brother",2,TMT,14
Mutant Town,1,TMT,187
Remove Soul,1,CHR,25
Sea's Claim,2,9ED,97
Skyshroud Elf,4,TMP,255
Soltari Foot Soldier,1,TMP,43
Spy Network,2,ONS,115
Thalakos Seer,1,TMP,94
Barkhide Mauler,4,ONS,246
Bellowing Crier,2,BLB,42
Bloodfire Infusion,4,APC,57
Break Open,4,ONS,190
Crown of Flames,3,INV,142
Devastate,1,PCY,87
Discordant Piper,1,THB,88
Disruptive Pitmage,8,ONS,81
Dwarven Warriors,1,5ED,222
Echo Tracer,10,LGN,37
Fishliver Oil,1,CHR,20
Incriminate,2,SNC,465
Legion Conquistador,1,RIX,11
Lightshell Duo,1,FDN,157
Merfolk of the Pearl Trident,3,7ED,90
Naturalize,8,8ED,270
Overeager Apprentice,6,ODY,154
Overgrowth,2,9ED,262
Stun,2,INV,172
Summary Judgment,1,RNA,24
Tavern Ruffian // Tavern Smasher,1,MID,163
Terror,1,5ED,196
Tranquility,2,INV,217
Worldly Counsel,2,INV,89
Aggressive Urge,3,INV,181
Aven Fogbringer,8,JUD,34
Benalish Trapper,1,INV,8
Exquisite Huntmaster,1,CMR,122
Flamewave Invoker,6,LGN,92
Fog,1,5ED,293
Goblin Spelunkers,4,7ED,193
Heaped Harvest,1,BLB,175
Heat Ray,1,IMA,133
Ixidor's Will,2,ONS,90
Lone Wolf,1,7ED,254
Mistform Wall,2,ONS,99
Sea's Claim,2,ONS,113
Soltari Trooper,1,TMP,47
Spitting Earth,4,7ED,220
Tourach's Canticle,1,MH2,103
Tranquility,3,7ED,276
War Squeak,2,BLB,160
Wave of Indifference,4,ONS,243
Withdraw,1,PCY,54
Bigfin Bouncer,1,FDN,31
Blazing Salvo,2,ODY,178
Bog Gnarr,1,APC,76
Bog Rats,1,5ED,146
Bushy Bodyguard Token,1,TBLB,20
Circle of Protection: Black,1,5ED,17
Contempt,1,STH,27
Demoralize,2,ODY,184
Disenchant,1,TMP,16
Fling,4,ELD,126
Frightcrawler,2,ODY,138
Giant Growth,4,5ED,299
Goblin Elite Infantry,4,7ED,187
Information Dealer,2,ONS,88
Jilt,2,APC,27
Maggot Carrier,2,PLS,45
Phantasmal Terrain,2,INV,65
Phyrexian Rager,1,CMR,142
Pollen Remedy,1,PLS,13
Savage Gorilla,1,APC,85
Spirit en-Kor,1,STH,19
Whipgrass Entangler,4,LGN,26
Wildsize,1,IMA,191
Ana Disciple,3,APC,73
Bat Token,1,TBLB,10
Cabal Trainee,2,JUD,63
Chartooth Cougar,4,SCG,84
Cinderheart Giant,1,KHM,126
Clay Statue,1,5ED,355
Crimson Fleet Commodore,1,CMR,171
Embolden,4,ODY,22
Erg Raiders,1,5ED,158
Eternal Warrior,1,5ED,225
Frantic Purification,2,TOR,6
Gene Pollinator,1,EOE,186
Goblin Token,2,TDTK,6
Gravegouger,6,TOR,62
Last Caress,1,APC,41
Lavamancer's Skill,8,ONS,215
Llanowar Elite,1,INV,196
Over the Edge,1,LCI,205
Pearl of Wisdom,1,BLB,64
Phantom Tiger,1,IMA,181
Plague Fiend,1,PCY,73
Protective Sphere,2,INV,26
Ranger's Hawk,1,AFR,37
Shore Up,1,BLB,69
Snow Devil,1,ICE,100
Soltari Lancer,1,TMP,44
Tarpan,1,ICE,267
Veteran Cavalier,2,9ED,52
Virulent Swipe,1,IMA,113
Wirewood Elf,6,ONS,301
Arborea Pegasus,1,AFR,2
Ascending Aven,8,ONS,68
Aura Blast,1,PLS,1
Benalish Infantry,1,WTH,8
Crown of Awe,2,ONS,16
Daring Leap,2,PLS,101
Dragon Egg,1,CMR,173
Dragon Scales,8,SCG,10
Eager Cadet,4,8ED,S1
Ethercaste Knight,1,ARB,3
Fatal Blow,1,WTH,67
Femeref Healer,1,MIR,17
Frozen Shade,1,5ED,163
Funeral March,1,5ED,164
Irreverent Revelers,1,THB,143
Keeneye Aven,8,LGN,41
Mountain Goat,1,ICE,203
Mounted Archers,2,TMP,30
Nantuko Calmer,2,TOR,132
Naturalize,6,9ED,258
Norwood Ranger,4,9ED,260
Nutrient Block,2,EOE,243
Ray of Command,1,5ED,114
Scathe Zombies,8,8ED,160
Sisay's Ingenuity,2,PLS,33
Soul Charmer,1,PCY,24
Stream of Life,1,7ED,272
Teferi's Curse,1,MIR,96
Treetop Scout,2,SCG,130
Tunnel Rats,2,TMT,84
Unholy Strength,1,5ED,201
Volcanic Hammer,2,8ED,231
Willow Faerie,3,HML,99b
Zombie Cutthroat,4,SCG,81
Ancestral Blade,1,CMR,5
Ardent Electromancer,1,ZNR,135
Bat Whisperer,1,MID,86
Bloodwater Entity,1,2X2,185
Blossoming Wreath,1,WTH,120
Coastal Drake,2,APC,22
Coral Merfolk,4,7ED,66
Crustacean Commando,1,TMT,33
Crypt Creeper,8,ODY,125
Death's-Head Buzzard,2,SCG,63
Dirge of Dread,2,ONS,138
Elvish Fury,1,TMP,226
Flash Counter,2,8ED,78
Floating Shield,2,TOR,5
Glimmer Bairn,1,MH2,163
Gorilla Chieftain,3,7ED,250
Helionaut,4,APC,13
Innocuous Rat,1,DSK,103
Lawbringer,2,NEM,10
Lifecreed Duo,2,BLB,20
Lys Alana Bowmaster,1,CMR,241
Mesa Falcon,1,HML,10a
Mistform Sliver,8,LGN,46
Mons's Goblin Raiders,1,5ED,251
Nanoform Sentinel,1,EOE,71
Nantuko Tracer,2,JUD,125
Ridgeline Rager,1,PCY,100
Shackles,1,INV,37
Shatter,4,9ED,218
Smash,4,APC,69
Smokespew Invoker,6,LGN,81
Spined Wurm,4,7ED,270
Syphon Soul,2,ONS,176
Treetop Sentries,1,BLB,201
Unsummon,1,7ED,108
Whispering Shade,4,ODY,167
Wight of Precinct Six,1,IMA,114
Aeromoeba,1,MH2,389e
Anointer of Valor,1,CMR,8
Blight Rot,1,ECL,89
Bogslither's Embrace,1,ECL,94
Change of Heart,1,STH,3
Chub Toad,1,ICE,229
Coastal Hornclaw,2,PCY,31
Death Bomb,2,PLS,41
Decode Transmissions,2,EOE,94
Defiant Elf,4,LGN,123
Desert Cerodon,1,PLST,AKH-128
Disintegrate,1,5ED,219
Dragon Fangs,6,SCG,117
Drover Grizzly,1,OTJ,161
Eager Cadet,2,S00,5
Exotic Curse,4,INV,105
Fledgling Djinn,1,WTH,69
Flight,1,7ED,75
Giant Octopus,6,8ED,S3
Giant Octopus,5,7ED,77
Goblin Brigand,8,9ED,190
Goblin Chariot,4,7ED,185
Grizzly Bears,4,8ED,256
Hungry Mist,1,HML,88a
Labyrinth Minotaur,1,5ED,97
Lifecrafter's Gift,2,CMR,240
Liquify,2,TOR,41
Malamet Brawler,1,LCI,199
Mending Hands,2,9ED,29
Nameless Inversion,1,MM2,87
Necra Disciple,1,APC,44
Pearled Unicorn,1,5ED,50
Redwood Treefolk,2,7ED,264
Regeneration,3,7ED,265
Rock Jockey,6,SCG,101
Rootbreaker Wurm,1,TMP,251
Savage Offensive,4,INV,162
Sazacap's Brew,2,BLB,151
Serpent Warrior,1,STH,69
Skyshroud Falcon,1,7ED,45
Solar Blast,8,ONS,234
Timberland Guide,1,IMA,187
Tremor,4,8ED,228
Vigorous Charge,1,INV,222
Vile Deacon,6,LGN,85
Acceptable Losses,4,ODY,172
Accursed Centaur,4,ONS,123
Biosynthic Burst,1,EOE,173
Canopy Spider,1,8ED,236
Carrot Cake,1,BLB,7
Circle of Protection: Blue,1,5ED,18
Clarion Cathars,1,MID,14
Conviction,1,STH,5
Crown of Fury,8,ONS,196
Deepwood Ghoul,2,8ED,127
Dimension X,1,TMT,183
Dream Thrush,1,INV,53
Drudge Skeletons,6,8ED,129
Drudge Skeletons,2,8ED,129s
Errantry,1,ICE,183
Escape Tunnel,1,TMT,184
Falling Timber,1,PLS,79
Fleeting Distraction,1,FDN,155
Folk Medicine,2,JUD,115
Frog Butler,2,TMT,114
Goblin Brigand,4,SCG,94
Gravel Slinger,6,ONS,33
Gulf Squid,2,PCY,35
Heal,1,ICE,30
Metathran Zombie,1,INV,63
Morgue Theft,2,ODY,151
Morgue Thrull,1,STH,65
Nissa's Zendikon,1,ZNR,197
Nomadic Elf,1,INV,200
Panther Warriors,1,6ED,243
Polliwallop,1,BLB,189
Rampant Elephant,1,INV,28
Razorfoot Griffin,1,INV,29
Razorfoot Griffin,3,7ED,32
Refresh,6,ODY,264
Rhystic Shield,2,PCY,20
Sawtooth Ogre,1,WTH,114
Shanodin Dryads,4,7ED,269
Silver Drake,1,PLS,125
Skulltap,4,SCG,73
Sprouting Vines,2,SCG,128
Standing Troops,1,7ED,48
Swat,8,ONS,174
Torture,1,HML,59b
Zoo Escapees,1,TMT,138
Alania's Pathmaker,1,BLB,123
Banishing Light,1,BLB,1
Battlefield Medic,2,ONS,9
Bayou Dragonfly,2,TMP,215
Bite Down on Crime,1,MKM,154
Bog Glider,1,PCY,58
Eager Cadet,1,7ED,14
Elephant Ambush,4,ODY,240
Elvish Pathcutter,4,ONS,256
Erratic Explosion,8,ONS,201
Escape Routes,1,PLS,25
Expedition Skulker,1,ZNR,101
Foot Soldiers,8,9ED,14
Foraging Wickermaw,1,ECL,256
Goblin Firebug,2,LGN,98
Goblin Turncoat,2,LGN,72
Goblins of the Flarg,2,CHR,51
Grizzled Wolverine,1,ICE,192
Hipparion,1,5ED,34
Honor Guard,1,7ED,21
Hullcarver,1,EOE,105
Longhorn Firebeast,4,TOR,103
Lowland Giant,1,TMP,187
Mirror Wall,8,JUD,47
Mountain Yeti,2,CHR,53
Nausea,1,7ED,148
Noble Templar,8,SCG,19
Pacifism,2,ONS,47
Patriarch's Desire,2,ODY,156
Pincer Spider,2,INV,201
Recalibrate,1,MH2,57
Remove Soul,2,9ED,93
Rhystic Deluge,1,PCY,43
Sailor of Means,1,CMR,88
Samite Healer,4,8ED,41
Screeching Buzzard,2,ONS,165
Serpent Warrior,4,7ED,162
Shanodin Dryads,1,5ED,325
Sheltering Boughs,1,VOW,218
Simplify,2,ODY,269
Smite,2,STH,17
Spark Harvest,1,CMR,150
Spike Drone,1,TMP,258
Stone Kavu,4,PLS,93
Stonehands,3,ICE,219
Suntail Hawk,2,JUD,28
Tavern Ruffian // Tavern Smasher,2,MID,296
Took Reaper,1,LTR,35
Tremor,2,7ED,225
Warrior's Honor,1,VIS,24
Waste Away,2,TOR,88
Wind Drake,1,6ED,106
Wings of Hope,1,INV,289
Wormfang Newt,2,JUD,59
Abbey Matron,1,HML,2b
Armor of Faith,1,5ED,8
Armor of Faith,1,ICE,4
Aven Envoy,8,LGN,30
Bog Down,3,PLS,39
Catalog,6,8ED,65
Circle of Protection: Black,1,ICE,12
Daunting Defender,8,ONS,21
Dead Ringers,4,APC,37
Death Ward,1,ICE,19
Dega Disciple,3,APC,4
Dematerialize,4,ODY,81
Divert Disaster,1,EOE,55
Flowstone Blade,1,STH,83
Foul Familiar,1,ICE,126
Frozen Solid,8,SCG,36
Giant Cockroach,2,7ED,138
Giant Growth,6,9ED,243
Giant Strength,1,TMP,178
Gilt-Leaf's Embrace,1,ECL,177
Goblin Raider,6,8ED,191
Goretusk Firebeast,2,JUD,91
Heart-Piercer Bow,4,M20,228
Heroic Defiance,1,PLS,6
Infernal Caretaker,4,LGN,76
Knight Errant,6,7ED,24
Knight Luminary,1,EOE,23
Manacles of Decay,1,APC,14
Maniacal Rage,4,INV,155
Merfolk of the Pearl Trident,1,5ED,104
Nantuko Disciple,2,ODY,253
"Oroku Saki, Shredder Rising",2,TMT,68
Phyrexian Slayer,3,INV,118
Plague Beetle,2,9ED,154
Pond Prophet,1,BLB,229
Ray of Distortion,8,ODY,42
Return to the Sewers,1,TMT,52
Rig for War,2,EOE,156
Rimrock Knight // Boulder Rush,4,ELD,137
Riverguard's Reflexes,1,ECL,33
Safewright Cavalry,1,ECL,191
Scornful Egotist,8,SCG,50
Shatter,1,5ED,265
Shoreline Ranger,6,SCG,51
Skirk Commando,2,ONS,228
Skystinger,1,EOE,207
Sonar Strike,1,BLB,32
Spike Worker,2,STH,120
Storm Crow,1,6ED,101
Surly Farrier,2,ECL,196
Tempest Angler,1,BLB,235
Thornscape Apprentice,2,INV,215
Treeguard Duo,1,BLB,200
Trick Shot,2,OTJ,151
Vigilant Drake,4,7ED,109
Whipstitched Zombie,1,PCY,81
Wild Unraveling,2,ECL,84
Zealous Inquisitor,6,SCG,27
Agate Assault,1,BLB,122
Amphibious Kavu,2,PLS,78
Armorer Guildmage,1,MIR,156
Aven Trooper,2,TOR,2
Balduvian Barbarians,1,ICE,172
Barkform Harvester,1,BLB,243
Break Asunder,4,SCG,113
Caldera Kavu,4,PLS,58
Cinder Strike,2,ECL,131
Cloud Spirit,2,STH,26
Coiled Tinviper,1,TMP,279
Crafty Pathmage,8,9ED,71
Crossbow Ambush,1,STH,105
Crown of Ascension,2,ONS,78
Daru Healer,6,ONS,19
Daru Stinger,2,LGN,10
Dwarven Landslide,2,APC,60
Dwynen's Elite,1,FDN,218
Evolving Wilds,1,EOC,158
Feed the Flames,1,ECL,137
Fledgling Imp,8,ODY,137
Gangly Stompling,1,ECL,226
Gaseous Form,3,5ED,90
Giant Crab,1,TMP,66
Giant Warthog,6,JUD,118
Goblin Sky Raider,6,9ED,195
Gristle Glutton,1,ECL,144
Guac & Marshmallow Pizza,2,TMT,116
Guided Strike,1,WTH,16
Hallowed Healer,2,ODY,25
Heal,1,5ED,32
Heart-Piercer Bow,4,CMM,390
Hindering Touch,6,SCG,37
Hooded Kavu,2,INV,147
Horned Turtle,1,TMP,67
Hypnotic Cloud,4,INV,109
Ironroot Treefolk,1,5ED,305
"Jennika, Bad Apple Big Sister",2,TMT,203
Kamahl's Sledge,2,TOR,102
Leaf Dancer,2,ODY,249
Longstalk Brawl,1,BLB,182
Macetail Hystrodon,8,LGN,106
Mesa Falcon,1,5ED,46
Midnight Tilling,1,ECL,182
Orbital Plunge,3,EOE,149
Orcish Spy,2,8ED,208
Pacifism,1,TMP,34
Pouncing Kavu,1,INV,158
Probe,2,INV,66
Profane Prayers,8,ONS,162
Rabid Elephant,2,ODY,263
Restrain,1,INV,30
Sabretooth Tiger,4,7ED,215
Serpentine Kavu,3,INV,211
Shrink,1,5ED,326
Singe,1,PLS,71
Skyshroud Troopers,2,STH,115
Skywing Aven,2,TOR,47
Sleeping Potion,1,PLS,34
Slimy Kavu,2,INV,170
Soul Burn,1,INV,124
Soul Scourge,2,TOR,85
Soul-Guide Gryff,1,MID,35
Spirit Flare,8,TOR,15
Springing Tiger,2,ODY,272
Strength of Night,1,APC,86
Strength of Unity,1,INV,40
Tainted Well,1,INV,126
Tectonic Rift,1,M20,161
Thalakos Sentry,1,TMP,95
Tower Drake,1,INV,82
Tranquility,1,TMP,261
Unholy Strength,1,7ED,168
Urborg Uprising,1,APC,53
Wall of Diffusion,1,TMP,211
Wild Elephant,1,MIR,254
Wipe Clean,8,SCG,26
Yavimaya Barbarian,4,INV,290
Aven Cloudchaser,2,9ED,3
"Bebop, Warthog Warrior",1,TMT,59
Bloodstoke Howler,2,LGN,89
Bola Warrior,1,NEM,78
Bot Bashing Time,2,TMT,85
Brush with Death,1,STH,52
Canopy Claws,4,JUD,108
Cat Warriors,1,5ED,282
Cosmium Blast,1,LCI,7
Crossroads Watcher,1,ECL,173
Daru Cavalier,8,ONS,18
Disciple of the Sun,1,MH2,11
Duct Crawler,1,STH,79
Firebreathing,4,9ED,181
Firemind Vessel,1,CMM,383
Foot Headquarters,1,TMT,185
Fungal Colossus,1,EOE,184
Galina's Knight,2,INV,248
Giant Spider,2,7ED,249
Goblin Raider,1,7ED,192
Gravedigger,2,8ED,138
Gravedigger,4,9ED,136
Grizzly Bears,2,9ED,246
Gustcloak Harrier,8,ONS,34
Hydromorph Guardian,8,TOR,39
Illvoi Light Jammer,1,EOE,60
Ironclaw Orcs,1,5ED,245
Kavu Scout,2,INV,151
Krosan Avenger,6,ODY,247
Krovikan Fetish,1,5ED,172
Lava Axe,6,8ED,197
Lava Axe,4,7ED,199
Lost in Space,1,EOE,62
Lost in Thought,8,JUD,45
Mechanozoa,1,EOE,66
Merrow Skyswimmer,1,ECL,234
Morbid Hunger,4,ODY,150
Mouser Foundry,2,TMT,96
Nyxborn Courser,1,THB,29
Omni-Cheese Pizza,2,TMT,176
Ophidian,1,WTH,45
Pardic Swordsmith,8,ODY,213
Pilgrim of Virtue,2,ODY,41
Plague Beetle,8,8ED,154
Raccoon Rallier,1,BLB,148
Ragamuffin Raptor,2,TMT,130
"Rocksteady, Crash Courser",1,TMT,131
Samite Healer,1,6ED,40
Scales of Shale,1,BLB,110
Screaming Seahawk,4,ONS,112
Skyshroud Sentinel,4,NEM,121
Squirrelanoids,2,TMT,81
Starbreach Whale,1,EOE,77
Starfighter Pilot,1,EOE,38
Steampath Charger,1,BLB,153
Stormwatch Eagle,3,PCY,50
Taste of Paradise,1,ALL,100b
The Chase Is On,1,MKM,304
Three Tree Mascot,1,BLB,251
Tidal Surge,2,STH,46
Trained Armodon,8,8ED,284
Venerable Monk,4,8ED,55
Viashino Grappler,1,INV,179
Workshop Assistant,1,KLD,241
Accelerated Mutation,2,SCG,109
Aven Liberator,6,SCG,4
Aven Redeemer,2,LGN,3
Blooming Stinger,1,EOE,174
Cephalid Looter,2,ODY,72
Cephalid Looter,2,ODY,72†
Cephalid Scout,4,ODY,74
Chrome Companion,1,EOE,236
Cindering Cutthroat,1,BLB,208
Circle of Protection: Green,1,TMP,10
Coast Watcher,4,SCG,30
Crown of Suspicion,8,ONS,134
D'Avenant Archer,1,6ED,15
Dazzling Beauty,1,MIR,8
Disempower,1,MIR,9
Dispersal Shield,6,SCG,33
"Donatello, Turtle Techie",1,TMT,37
Elven Cache,1,VIS,105
Exosuit Savior,1,EOE,16
Faerie Squadron,1,INV,58
Fear,1,5ED,162
Filthy Cur,8,ODY,136
Firescreamer,4,INV,106
Fit of Rage,1,6ED,178
Foot Elite,1,TMT,146
Foul Imp,1,STH,59
Frontline Strategist,2,SCG,15
Giant Albatross,3,HML,27a
Golden-Tail Disciple,1,NEO,15
Grounded for Life,1,TMT,7
Honor Guard,1,STH,7
Horned Turtle,1,6ED,74
Horned Turtle,2,8ED,83
Infantry Veteran,2,9ED,21
Kavu Climber,4,INV,192
Kavu Recluse,4,PLS,64
Krosan Vorine,2,LGN,131
Laccolith Grunt,1,NEM,87
Lead Astray,2,JUD,14
Loyal Pegasus,3,BNG,19
Lumengrid Warden,8,9ED,84
Mad Dog,8,ODY,202
Mind Rot,1,7ED,147
Mystic Zealot,4,ODY,36
Nantuko Disciple,8,8ED,268
Needleshot Gourna,8,LGN,133
Nosy Goblin,6,ONS,220
Pinpoint Avalanche,8,ONS,221
Raka Disciple,2,APC,66
Red Herring,1,MKM,142
Retro-Mutation,1,TMT,51
Sabretooth Tiger,1,6ED,203
Sacred Nectar,4,8ED,40
Scavenged Weaponry,1,INV,123
Seedpod Squire,1,BLB,232
Severed Legion,4,8ED,163
Severed Legion,4,ONS,166
Silt Crawler,1,PCY,123
Skyshroud Archer,1,STH,114
Skywhaler's Shot,4,CMR,46
Slipstream Eel,4,ONS,114
Spectral Searchlight,1,CMR,342
Stagecoach Security,1,OTJ,30
Symbiotic Elf,8,ONS,288
Torrent of Fire,8,SCG,107
Trained Armodon,1,6ED,257
Treetop Bracers,4,NEM,123
Treetop Bracers,4,9ED,276
Vicious Hunger,2,8ED,171
Vodalian Soldiers,1,5ED,134
Wind Drake,3,7ED,114
Wurmwall Sweeper,1,EOE,249
Abundant Maw,1,INR,1
Aven Fisher,6,8ED,61
Banishing Light,1,EOE,6
Battering Craghorn,2,ONS,188
Bonebind Orator,1,BLB,84
Brazen Freebooter,1,CMR,164
Broken Wings,1,DMU,157
Cabal Inquisitor,8,ODY,119
Choking Tethers,8,ONS,74
Coastal Hornclaw,6,8ED,66
Corpseberry Cultivator,1,BLB,210
D'Avenant Archer,1,5ED,23
Dark Banishing,2,8ED,123
Dark Endurance,1,EOE,93
Daru Sanctifier,2,LGN,9
Demystify,2,8ED,16
Diplomatic Relations,1,EOE,177
Disciple of Grace,6,ONS,25
Disciple of Kangee,3,PLS,3
Dreamwinder,2,ODY,83
EPF Point Squad,1,TMT,145
Errantry,1,5ED,224
Flamekin Gildweaver,1,ECL,140
Flaring Cinder,1,ECL,225
Foot Ninjas,1,TMT,209
Galactic Wayfarer,1,EOE,185
Gustcloak Runner,8,ONS,35
Hero's Resolve,1,6ED,24
Highway Robber,2,9ED,138
Hollow Dogs,1,7ED,141
Honor Guard,8,8ED,25
Hungry Ghoul,1,FDN,62
Hungry Mist,1,5ED,302
Insolence,3,PLS,63
Inspiration,8,8ED,85
Kavaron Turbodrone,1,EOE,141
Knights of Dol Amroth,1,LTR,432
Lightshell Duo,1,BLB,56
Living Airship,2,APC,28
Looming Shade,8,8ED,140
Lost Soul,1,5ED,175
Magma Burst,2,PLS,66
Manhole Missile,2,TMT,94
Mischievous Sneakling,1,ECL,235
Monstrous Growth,2,8ED,266
Moss Monster,6,8ED,267
Null Group Biological Assets,1,TMT,98
Pileated Provisioner,1,BLB,25
Raging Goblin,2,8ED,212
Sage Aven,4,9ED,95
Sandskin,8,ONS,52
Sandstone Warrior,8,9ED,215
Scaled Wurm,1,6ED,251
Scathe Zombies,1,5ED,192
Sea Monster,2,9ED,96
Serpent Warrior,4,9ED,162
Shatter,4,8ED,220
Sootfeather Flock,2,LGN,82
Starlight Invoker,4,LGN,20
Stomped by the Foot,1,TMT,82
Temporal Cleansing,1,MOM,80
Thornplate Intimidator,2,BLB,117
Thunderscape Apprentice,1,INV,174
Urborg Skeleton,1,INV,134
Venerable Monk,1,6ED,50
Veteran Guardmouse,1,BLB,237
Volcano Imp,3,PLS,56
Wanderguard Sentry,8,9ED,111
Wind Drake,8,8ED,114
Zealous Display,2,EOE,45
Zephyr Falcon,1,5ED,137
Auxiliary Boosters,1,EOE,5
Aven Cloudchaser,4,8ED,5
Backslide,8,ONS,70
Battle-Scarred Goblin,1,LTR,115
Belbe's Percher,1,NEM,53
Blighted Blackthorn,1,ECL,90
Canyon Wildcat,4,8ED,181
Defender en-Vec,1,NEM,5
Defensive Maneuvers,2,ONS,23
Dripping Dead,4,LGN,67
East Wind Avatar,3,TMT,5
Enfeeblement,1,6ED,125
Explosive Growth,1,INV,187
Fen Stalker,1,PCY,64
Flame-Chain Mauler,1,ECL,138
Foothill Guide,4,ONS,29
Frenzied Tilling,3,INV,247
Fugitive Wizard,2,9ED,80
Gaseous Form,1,TMP,65
Giant Spider,1,6ED,234
Glintwing Invoker,6,LGN,40
Goblin Digging Team,1,5ED,234
Grapeshot Catapult,1,5ED,375
Grassland Crusader,8,ONS,32
Gravedigger,1,M12,99
Hunting Drake,1,PLS,27
Intrepid Tenderfoot,1,EOE,193
Krosan Archer,8,ODY,246
Lightning Blast,1,6ED,193
Lowland Tracker,8,LGN,17
Make Your Move,1,TMT,20
Mechan Shieldmate,1,EOE,65
Mercurial Kite,2,SCG,39
Mind Drill Assailant,2,BLB,225
Mind Transfer Protocol,1,TMT,45
Norwood Ranger,2,8ED,271
Punk Frogs,1,TMT,164
Pygmy Pyrosaur,4,7ED,208
Quirion Sentinel,1,INV,204
Radiant Strike,1,EOE,29
Recuperate,8,SCG,21
Red Tiger Mechan,1,EOE,154
Rootwalla,2,9ED,268
Rootwalla,1,TMP,252
Sacred Nectar,4,9ED,38
Sage Aven,8,ONS,111
Samite Healer,1,5ED,58
Sanctum Spirit,6,2XM,30
Sea Monster,2,8ED,99
Snarling Undorak,4,ONS,283
Sneaky Homunculus,4,8ED,101
Spike Colony,2,STH,117
Spined Karok,1,STX,143
Spineless Thug,6,9ED,165
Spiral into Solitude,1,ECL,36
Steel Leaf Paladin,1,PLS,127
Thawbringer,1,EOE,211
Thraben Exorcism,1,MID,39
Treespring Lorian,8,ONS,293
Tumble Magnet,1,SOM,218
Utrom Scientists,2,TMT,56
Vodalian Serpent,4,INV,86
Wanderwine Distracter,1,ECL,82
Waterspout Warden,1,BLB,80
Arena Athlete,1,UMA,123
Aven Farseer,4,SCG,3
Balduvian Barbarians,8,8ED,176
Berserk Murlodont,4,LGN,117
Coral Eel,2,8ED,70
Dehydration,8,9ED,73
Dire Downdraft,1,BLB,46
Enfeeblement,2,9ED,127
Flight,6,8ED,80
Foul Imp,2,9ED,132
Fugitive Wizard,6,8ED,81
Fugitive Wizard,6,LGN,38
Giant Cockroach,4,9ED,133
Healing Salve,2,6ED,22
Insatiable Skittermaw,1,EOE,108
Insectoid Exterminator,2,TMT,64
Jungle Wurm,1,MIR,224
Liminal Hold,1,ECL,24
Llanowar Knight,1,INV,254
Mutant Chain Reaction,1,TMT,125
Nightwhorl Hermit,1,BLB,62
Nobody,3,TMT,161
Outlaws' Fury,1,OTJ,136
Panic Attack,2,8ED,209
Psychic Whorl,1,BLB,105
Razorfoot Griffin,6,8ED,36
Rust-Shield Rampager,2,BLB,190
Samite Healer,2,9ED,39
Sandstone Warrior,1,TMP,199
Sea Snidd,1,PLS,31
Selfcraft Mechan,2,EOE,74
Stormrider Spirit,1,MID,79
Time Ebb,8,9ED,107
Touch of Invisibility,8,ODY,109
Waylaying Pirates,1,LCI,85
Action News Crew,1,TMT,1
Anaba Bodyguard,1,6ED,164
Aven Flock,4,8ED,6
Aven Flock,4,9ED,4
Aven Windreader,4,9ED,62
Barbed Bloodletter,1,ECL,86
Canyon Wildcat,4,TMP,167
Cephalid Aristocrat,2,TOR,27
Cloudsculpt Technician,1,EOE,49
Divine Offering,1,5ED,27
Hardened Escort,1,DSK,16
High Stride,1,BLB,176
Icatian Scout,2,5ED,37
Kulrath Mystic,1,ECL,56
Manifest Dread,1,DSK,189
Mesa Pegasus,2,5ED,47
Mourning,1,INV,111
Nocturnal Hunger,1,BLB,102
Oreplate Pangolin,1,EOE,150
Pyrotechnics,1,6ED,199
Redeem,6,8ED,37
Reflexes,6,8ED,213
Regeneration,1,5ED,321
Ridgeline Rager,8,8ED,215
Scavenger Folk,1,5ED,323
Serpent Warrior,4,8ED,161
Standing Troops,4,8ED,48
Sun-Dappled Celebrant,1,ECL,37
Waterfall Aerialist,1,STX,61
Elf Token,2,TECL,4
Food Token,1,TTMT,8
Lander Token,2,TEOE,4
Lander Token,1,TEOE,5
Lander Token,2,TEOE,7
Mutagen Token,5,TTMT,9
Robot Token,1,TEOE,10
Plains,2,EOE,262
Swamp,1,BLB,270
Plains,1,BLB,263
Forest,1,BLB,278
Plains,1,EOE,268
Forest,1,BLB,279
Island,1,BLB,266
Plains,3,ECL,274
Mountain,2,TMT,194
Plains,1,BLB,262
Swamp,1,EOE,272
Island,1,EOE,269
Swamp,1,EOE,271
Swamp,1,DSK,281
